receiving_address,amount,timestamp
0xfe2650f030f2c966775e11009cb015e8852ecf4b,76757,1704177853
0xe37126a5b0724737b516b97d3fb92311021e235d,76716,1703848668
0x646142948a3add1d05edb7789d73a14ef261e109,76667,1704125654
0xaebdaf0001a9da9e34f3a4cda5e62034e5c04a10,76641,1703329529
0xe1c7f902df458284a00edeca77c7e65b091c6855,76389,1703894143
0xcc693d1abf4122f346183112241383a6fcdb01c2,76372,1704184244
0x7c08fd3f6907b8c119266a64905c5ce0406e415b,76362,1704122624
0x828e57a298f4129548a8817acece3ce25fdcea6e,76332,1704042924
0x81f29e8192c626fca14606cdebae88452a18fb94,76329,1703294824
0x3958af9464f525fbe07d66ccfcde7728dcbe6f28,76239,1702585718
0xcf9e3898e418e3dcc57601de78ca5f684f0fb05f,76230,1704077269
0x5b6124ac76b58955e1de4c58d87e5bca4c881aee,76125,1703888708
0xb81b401e81ccc31965728afd041805c063401a47,76043,1703158945
0xbf680980915ea2a4e5a909bf09e8d746e77c3a0c,75859,1701816336
0xc2bc23a6310f61a0dae6e65c20d02cbed5df2883,75852,1703971491
0x09703edaac263a679c26bfd37806196feea10438,75851,1704141701
0x48569db996994315d6fda9a32a3cd850f0c95a22,75836,1703608983
0x770529382c7c78ae95999db030d1a56cd54239c7,75674,1703647775
0x59210cfbe55112628df91eee78c3bc0ae30aceb9,75642,1704064174
0x2b3cd5110e84f8f43e132c4b99caa8091d9e4a18,75619,1704045354
0x4a31884ed8b745b57e7d59f7454c792c8b1fe5c3,75509,1704125743
0x3108e1d0956526998fc5cc8a008ea4fed631162b,75335,1704174945
0x72e3de66a1a2443583f7d747f2631bd90f82a8ab,75331,1703608559
0xe79cfaf34f8d8c3e20a2a202ee64e2542b74f78f,75300,1703793141
0x47f0175366c3235fc8e51d9f4cf9167f4e5b77a4,75251,1703620106
0x39ef75d36ba964146d45340e959f8dd25c48a6c4,75206,1702827872
0x164510386384099c0a9655c61c2b55d025fd750e,75176,1703868815
0x8b9a98d8a94ff4b0bd58c63e23b2f84305f14643,75144,1703543627
0xf6de253e63b87499ce3a9b8c6b6f1e4b75e127f1,75049,1703996346
0xf7939a4bdb4f49038522d1b095e73bb4ce768222,75024,1703063036
0xa24d3657c13f26c04c8a393cbcc12705d6ac8abf,75000,1704026025
0x3227d52782f316601f243d78171b6ed180450b43,74982,1704112663
0xdd34c90740abc7ae1be11e0ce4f0a061620407d7,74976,1704076150
0x9d83dc20db33e62ad8567ac90255f1903dbebd52,74969,1701999396
0x7e6349aaec1cc0d3e1608ea45e569ec40aa9462c,74959,1703992163
0x33cf50090c6a9859ffeaa409e025c6e361726fd9,74953,1701854711
0x5c9bb7c596d0ac11ededd7e0bf4c0cc99e3a88e4,74923,1703902343
0xd08041262c12eb441ffb76d90aac6bbd4ead64f9,74917,1703677328
0x4b8a3f161b22228925ea0606be7044e048eddb62,74868,1703795952
0x8bb17b6e4e712ec98a3696d6edfa119452312082,74867,1703814674
0xa47a97907b93d454b7ec8c9a6b3d02ff838c052d,74862,1703935936
0x93bb008f85cf341ef24dd8abc2534aef3142b5e2,74658,1703323824
0x529bfddf9b50df84c0cb0a6e4f3e0d102cba4516,74649,1703862327
0xec2d86edc26d619054bd327269b6cb3dcd23a365,74583,1700671649
0xbffe0b1cdda8f6a71d40a15368b476b622f1e0ed,74562,1703710057
0xb8c13fd4ed4032e9499c4cdd0a2615b42a0266d8,74266,1703921316
0x3cb62706438c3d2215f1397246463a6eb4ffdb47,74265,1704083364
0xbbcf7c51f7a98b178d205e5a104f2b82586a0b3e,74209,1703608679
0x7ac4328b7d9a16be3d0b392ca31129740f3db79a,74163,1704119884
0x9fa9f520f65ecee157a73126a6de3a9adbe31eaa,73912,1702552226
0x00318c7963a45ceb6b3101e1794ad42137da8f3f,73852,1704049162
0x7abbae20ae15ba2c640dfd7bae9bf4b3d41ddb6d,73776,1703704554
0x2456648dc2481ae1f057b7f5d6bc75300e973943,73766,1702662641
0x4fdee5d87480db6b32737a9ebd38ca8aa6401b03,73675,1703803737
0xb230a64ddd307d1f8fe971f0c1a5ed66ce74c721,73598,1702705487
0x340a612e7bcc42ec1ec46f9d88eb795973e532f0,73588,1704136229
0x9e9825c9270c32806258280aea5ae4654b6d5ea4,73547,1704018788
0x02ec8396ef494846a98ae386519bf6d91ed8d110,73467,1703999012
0x31a87fa920c420c00e730e90476c475807d42ef2,73438,1703541326
0xd7f3ca7f43868f176e787375424f4231c3a949f9,73366,1703996801
0x18d96e2ae166845d3dd72cd70978d18b4f429fac,73324,1704147988
0x54384759942b262763fe0168e7edc8786a85c284,72957,1703775999
0x228ac02391128bae7afd87e0b4de6a7706b44b72,72880,1704183852
0xa7d28d12edd41e5605b632d8b920bad80bd5b69b,72848,1703434630
0x563ecd63c5db552023c4de7bdcf5678feaa32ef8,72844,1704109086
0x23fffd3720e8a9a24b1d0042062c70de18dc2d66,72720,1703219457
0x5e3b8daa125730ae691a6df10d73ab05945096b4,72662,1703912314
0x69e758587e917bebe6d8033afd4fadec04336eb0,72634,1703626027
0x0e9439af1928c126cad134ed9565dbb5e49f9999,72608,1704074158
0xb963ca9b4216a441aeb9810e55ae6bc0d13619ff,72592,1703437936
0xcca095ad2d508c200bda1141f783d77c3e6cbb08,72473,1702405898
0x68ec59f4c70c9dab08d0a2f3cbde660c660e9350,72330,1704177127
0xb74a8bb692bb5c4316ad223f670a12f1b38d1d2a,72233,1702977424
0xa99b9a7f5c5dd37429771efd3b93c6fbe1ab2936,72186,1704133646
0x99464ee24511467e2d973b19a8f0d9a294a78b15,72173,1703832922
0x088005dc13fff2c1750bb10901962fcaba77fbc2,72003,1703089895
0xdb53cb7e6d171afff8201f72ec4ce4811fe507a8,71939,1703899332
0x22ccdd76da6ea44a34cf71d61a6f664a4efb5e60,71858,1703340443
0x1d29e3b6f9cfd846fc2cd0d8fa8df9118fcf4ff1,71796,1703332420
0xeb859c43860fe6b3eee8a17b807a40eef280e99b,71783,1703872148
0x6b0ae66774e392cd6e58a2b5f46b04df61f52804,71681,1703872571
0x70a41a75e143ac5674d6f9aecd961435b2526a1b,71592,1704165275
0xd06421f21a9b28961c8433bbd51e7dc9fde28f6f,71586,1703186659
0x7a6cdf9312765b59d52a683055d636ec5d83f0a0,71515,1703946007
0xce3ec34fcca616fc1a52af3909c1b48f5af4d547,71483,1703977981
0xffbdcd1c606b88a37e953dd81cc8d20b11a9d77a,71480,1703688199
0xf1ae80c9d851e77bf75454d20a68ff50749842e1,71419,1703837003
0xc859ec06390a2774b812319613052214488fce98,71364,1703114706
0xe559412a1adb2f2cc86ba96766d626d0eae9afc1,71331,1701162182
0x6e7db20cc31c964b490639b35b9d3e8480de395d,71239,1704032833
0x572906117c208dea91245c9cf87180c1248f5f48,71177,1704131284
0x8285d6894146544bc1827572d4a64a02f4993a16,71168,1704105711
0x3bce24f3f2c12757b24fd9ebf2b03cb818d1999c,71024,1703661443
0x6a9ab4e5a03178843826f1dcda742ca41851cffb,70961,1703556720
0x9cff17eb637713a663af0a0a5326b755838f757b,70912,1703830025
0x5395a955ac3ebad1a948e9cbd3e8f47f9ea94ab9,70834,1704084880
0xb5a91befd92dc3a2714ca0df1def50ab6220a45c,70697,1703243071
0x26d5acc92d58460a18ad3d70ff1ccb23ea3a06aa,70635,1703696112
0x6a090fbda4ed0d81f446d815819e168b2299d90f,70634,1704070913
0xeb483de9b80e286c629f10571cdafa6f397b8bde,70619,1703793648
0x259b47b0f998fe88407e83fb0de1b22f64606676,70617,1704135350
0xef7de32ef0a3a8cfc92b2744fc5a12bcbacd2020,70478,1703935386
0xb9177e55706f4a102633d23deb5a20b5912b4042,70439,1704192591
0x9d713685aa4754b4f42042c8fb4e0fccb2bbc9b5,70398,1703968572
0xe0194b2da8b9504f85a39a1b07ad9faabf7d1244,70337,1703839017
0x1a36a5e00724ede9f2058040c61f7e9ad0b0daf0,70311,1704061516
0xcbd46652deacb761ab8ad26b74a8efdf39d613c1,70275,1701722425
0xa227d34be0aa0038ae39f7e698f55ac5150df652,70195,1703818805
0xf113ab890bc550a237110a776aa1b10ee9d91704,70187,1704022113
0xfed686624c08633d15a980522d29b77319a1a65f,69935,1704191651
0xce35eda336a802ab5c4fc688ca2abcb63ece85b6,69841,1704072094
0xf0ba37ff365ef1a8a704306014f088a6bd744572,69816,1703699615
0x0f91c61e58fd468b96f50aa53673b9ffccfaa89a,69621,1703941432
0x78450ab2854da2fbb328b5e45d17755fcc7f0c39,69540,1703948725
0x1a67dee0c5f74f0908b7f6fe7b28f445b390cef1,69497,1704028100
0x80714303d0dbd08a7b0daa591ebff57f8fb1ab66,69401,1703765227
0xf0e80668db1a0cab45c3f87d9032d62cd8e2e35b,69281,1703918770
0xfa0387675babab8e50693439eee10795b6f045f9,69280,1704173587
0x179012cc8ef3bb58412e18ed69981d487554fd9a,69209,1701710621
0x78506cf9f14021ce721d485a35e4fdad9a2fb4ee,69129,1703835620
0x031cea14d43801f7d11dd0945c0cbefaed20d4ba,69064,1703426765
0xf0d82e5e598de22332e7b4f45fc732a6a4c93577,69047,1704142468
0x27db3615327453b016a3a5596b7afb96d3fc342b,69018,1703212227
0xb1ccf0d27bb3e844bb692e2577089b2f822d5aad,68970,1703758900
0x004fd71e61d0fb00f974635faec45195b8239607,68759,1703822412
0xc2c0b35526d02a120ff63e9c7b2d0f247f3dc588,68703,1704131903
0xba33c4477cb9e13831f9122c049e2b06ed91a0da,68679,1703847499
0x46dad6c654f0a8830b1e3976ed33e08491dda41f,68660,1703898571
0x24a3300fce7d222f631c4176e178d4d52fd10421,68646,1703522597
0xe44c60348b0836478cbd251beaa28da2a4125794,68613,1703771244
0x5252cf71b85111a0c20d64dd0b60ec28251b0dec,68612,1703246194
0x08ace85bc7b4af5c3f8043cd3b4550b67260c045,68560,1703815929
0x59782533a39cc5cd27bcd041a6eee1a8e1addd39,68484,1703989809
0x95a68cd3703c7a9bb7135dd6352257c5c76fc484,68430,1703631616
0xce5461bb505dfaaa8876a4fcb50cea3892140e56,68388,1703112148
0x4e146e3c800bb3000f80a7ac3c07df940775b8bd,68326,1704116601
0x01cf3e1b7e9910682e24ef5d2753522d8e31006f,68307,1704068711
0x7546f7d1e51eb729ddc78a924c293371ae3c5e53,68002,1703750224
0x07f3c48b2cd667dcc915384c1d30be2973898a26,67828,1703515996
0x66c9463fe61085b328668b111de227f5bfbb0187,67805,1704060721
0x65d1e4524982bd01a79af7b8d8e83e71816c5357,67718,1703322302
0x0c12dbf7792b266c7c401fff1a87c6db90805ef5,67588,1704023915
0xaaf0e31bb5224b664aa7f16c519824e8ae8295ca,67471,1704172501
0x69919f30bedfca39f0d897328100d22381567fc2,67446,1703998287
0xd9800d4fcd3513d882c2a0302ee10105cb993d22,67206,1702819302
0x7ccc4627873db3b71960e0cc7814d2f951d6e287,67196,1703809769
0x86603120af1e76f8c8550c3f854ddffb93db14bb,67192,1703959104
0x50faf31a0864d01e098e833d31e67b0b8154eb05,67035,1703830494
0x7f47d2a4054ce7d04bd834bdf68ab16cab09a86c,66866,1703460613
0xa315cb6477bddda3cbb93d81742b7aa719d5dc41,66857,1703736936
0xf9268f72c572303f60d5f7bc5f23bd1904dcf4da,66818,1703295758
0xeb4b9027cec7bf62268e994678806e80323a272d,66740,1701650276
0x9463175fd2eb9a5ff3b84646a507868ee75b3f74,66692,1704164669
0x54380049099b5ab0b252e1245bfa6a5085257c9d,66613,1704100554
0xe59f2f58453f78998f9144091a2ab2cf36ffb15d,66612,1702032529
0xc372a30c4c5968f546e24bbbeed71a23a01a3cc0,66587,1704153639
0x13eee864beb2f1d95913a546a41c16f94a689d42,66557,1703740172
0x927eb5472ae6124e561287052ba08e71b72ab8c5,66550,1704150518
0xc89301dff411fcfcc3e56c4b2a4692604fe30e10,66487,1702224235
0x23e7d4a7b30c95bd96e091ca63aa6f27a242b2ae,66435,1703505420
0x29eb22d2110b8a73ee78542975d2fb701f31929a,66337,1703384392
0xae2329750ebde32ddab1489977bc0585979fb81b,66282,1703815328
0x6d276f36f2f21d44f048bc4488dde11cb0fd3a0d,66262,1704073270
0x852352c8764570bd51106d85a436b5385ef32a48,66139,1703555521
0xca05daf05a3d3548e1ff9df4c8fa002066dcc9b7,66077,1702584659
0x0217ebffb80666640da500fb4380890fbd2ae92c,65947,1703482084
0x8991a840b47ecc43cd3153524da029b0f9a1d583,65836,1703360202
0xe3cba2dd0c1ab1419e3ebdb5babf2f18ec065807,65803,1704052144
0x85a5d647bcc29007212a93bfd296ddb319091e34,65640,1703169976
0x16dfa2c3b52aae5eaaccd191fa7d2849e6dd4210,65637,1704066304
0x8ce255e9331f5372dab592da1e80daad25f5275f,65564,1703484604
0x2a42acb51e41e4e817225bd67c16bcfe63487536,65469,1701808833
0x5c4f4e14c057359a61fd18fcd2cefc0bbf854f7a,65462,1703893684
0xdc3c375ebad13419c6e1c9637582390978326f30,65342,1703698279
0x757e936769ebc13de3e88f783169b547e76c1f84,65340,1704132147
0x7409609cded76dc9192abdcbb3036b0dbe045328,65316,1703448378
0x7249124d1b4eaa6dbfe66cb7653d4296dcfd1f00,65303,1703571681
0xd0c1b21a6179c33593158ff9c04d83a6398e3c4f,65290,1703630641
0x8b488bb5567630e78574cf87afeaa98d76cb846d,65232,1703945683
0xac8faba6410d0b51c4f5209df09df9df09cb8f8d,64943,1702635773
0x2a01d8bb53614daca7e3e6361c1c3846bd88a446,64934,1703689773
0x4a9f79d11c8aa1989647fee30c194d53abd4ddb4,64927,1703496247
0xeb82b7f6cf3d1f6359927acdcc3f64a7df51b8cc,64895,1703692059
0x407cc9424fd62a58b14d11af3169f0bc6e9ae0b8,64834,1704005659
0x6789a0b555a0618d337b94e500e35f043fd7261c,64795,1703564181
0x5a78c88c5fc1e9b512f6c64e266b46a9db0a7238,64525,1702124139
0xf8455a61277886b577be973b0401a1fb3ded50e6,64475,1703549392
0x29bfe9cc61efaa723260ef3fde93e8b21684fc0e,64469,1704016932
0x2d0f360af8d1465d32e7908f1f3e4c4735acebb3,64402,1704155226
0x84df8a4e93edd124a95b6e0c034cba4b783c9ed9,64264,1704022911
0xa62607561065305ecf28a2ce8a3abe4f8486a99e,64197,1702669572
0xd2cff98e8e707049db92500414fec6f0bb5c895c,64185,1704020287
0xb4bc83838dabd49bb67f530eb81001a7bdd4a8e4,64095,1702463746
0xd71c28cf3efe7343ec63162b486f837e162a0b4c,64083,1704128583
0x40d4d509bb7025e7d66a9fc147e91c67ebe7243c,64030,1702721894
0x6fc2237d1414b0d8901973a0428e5998421f589f,63893,1703415628
0xbe658044c1b4c2ec65d2c03e38850eec3d46aa84,63806,1704127906
0x295d4a1694a54c2eb4cb7b8b266b98e08a06a08c,63753,1704165635
0x1a4c7d97186ff35d20040328e9eb517a507dfe39,63751,1704104249
0xefb6821222995dacefa38080ea70795e5887aae0,63731,1703719568
0x06c60f6dd9f0e6bd96b827ec7f0de00b916e71db,63684,1703872432
0x1450509a544922d00445c7bba095f45c641bff18,63621,1703845997
0x45fe095ad4299f71eaa25407c4122ca6a497e1e2,63620,1703902738
0x84a1162b6051c965c05a1bf04e7637dcdec899e6,63605,1704143669
0x70821b31d5aeed59ef1f7b0d09123cf386103c3f,63582,1702496743
0x3096616cc3e90731c69f2174c870e4dbaf2dae73,63531,1704123145
0x1f1aa7399fcf70d5cf0cb2a2c92281aa633309a7,63521,1704113623
0x57537fbd3a4dd084f6bdf76baf88ec87955ddecc,63403,1704042329
0x4de3598a3ffe26dfbee7d03c2fa26ff3f68e6f18,63336,1703444621
0x4aded6354057f6dce65007b591c343ff718a42e8,63300,1701551135
0xcf1d232d32a59d5cb3c693171b13adacfdf9ccd6,63164,1703838474
0x24fa396cb12636034b6498f8c968865d93a2bbdb,63076,1703790752
0xf541299d005da82a84d9f4695477d26e38fd3483,63022,1700390033
0xcaa001327c21f58c01fd3eca5bd25d859c336c71,62994,1704012784
0xaf74f1fca2f27f737347964910538373640ff198,62967,1703883330
0x87801d8d6130f60870673d6bb1c5cc0f83438118,62909,1704050583
0x68f0d0361fc4d888ee7970ce3aee2d0ecba0f5ce,62827,1704032761
0x0d909885a1c61f35e57144b2bb007d5e9f7b6e43,62660,1703539910
0xeda47c81c0f873dc52cedda6d95aba05be8b8eef,62642,1704092041
0x90c61e65de8543a1e3daeda46d03fea897886666,62586,1703950632
0xc66a08a27e1c8f0aafbb679c560da262c5614b3a,62539,1704150178
0x6667ed5ac4608f2bfd3eb7cc37873401add4761a,62502,1700019619
0x437f9aab33bbe43482bed14c5eeb9d101a9532db,62375,1704160576
0xae34985278a13e1da132a34dd0693620d88ccb72,62302,1701594870
0xd90652f8dc1d6b3e63f3da9e1aed4406e633982b,62177,1704014695
0x186ecfd89812df6cd6bf438e65ec4d7b69c912c7,62124,1704018630
0x5c0b21a01b517645a025d5344dc7b5f46b0d5b14,62046,1703566431
0x70206743a23a52487e5e7c3992390e879da6e40e,62025,1704191342
0xd620eeb117bf8e6ebfb7c8d0df00583a1d72fe43,62024,1704005126
0x8771d262c0c31da28a8c42b89d8cf3fb8396e6dd,61911,1701970442
0x7c521a007436e7e27382be7f88aca77afb1b22af,61891,1701702698
0xa3274d2cd8b79cdcc2a773569f2a5367534d7540,61761,1704042904
0x9c90e60ef483c906eaf9b4e7a438b92d56a362f8,61624,1704059612
0x555fac4d0e5e7fde0786743fcbdcbb0a62880776,61574,1704049824
0xc0b6dca96a6e5e00299243aa48a766f83318a2a1,61555,1704133308
0x7377472963b82385c32a97735ea236c6db8036d8,61548,1703482785
0x6c201eeced4f16a767802b0e21ceee959e0e3793,61470,1703004755
0xdcc20e844f3ac51754f981cb0707a00b83f10b02,61385,1703926562
0x24113adf73a7848789c0c8d2f068bd8f4f5cd876,61265,1702088859
0xddeb20c701d3dc5af1d356db0fd4bc37f1282e1d,60945,1704152015
0x027d34ed81d38dfc2c8de3f5f05132aa931d25a6,60854,1704063019
0xcf2ac9bdb286c7abe81330e5b5806846bee4cd77,60768,1703754501
0x9e361f69925fa89360939f93acf89a3c781531e4,60762,1703699148
0xdf070b9dfa63b76b097c1553ccc71d06b70fa358,60529,1703806421
0x8011f8540db66bcd151239583c14ba727eca9af4,60498,1703763904
0x4e3bf6cc6fa25ce2b65d184fc14d52f375768e3c,60442,1704145984
0x1f7a762f301172dc7d218dced4113a6cde416e5e,60422,1702445480
0x42f64284f4435ce6a0af4f3112fe34e116444b1d,60369,1701086061
0xdfa8523a0fbc3dfeb30d2aab86f0b22f4afeb25c,60319,1704026794
0x6751784c1de353d7b2fbe066fca3c9e11af191a5,60213,1701942190
0x4ec607d0d5683a6e2fa4ca1278205bd81f47ce82,60199,1704088024
0xe4ecdf1ea42eca4cc6c6dccb5d823c0fe247c411,60111,1704169521
0xb75411d6da2c810c90fa074ad3b785cd5c0c722c,60063,1703154965
0xd78ae0cc628fc633cbc15641831fdff191d1dc9b,60053,1701133480
0x30af547e2b42b533d415d9f210fee0b85bb9526f,60040,1704162761
0xb1c89ffcef4d8a5202b8baad65dd26da0855c87b,60011,1703708552
0xf69856e25444d5fb10dc3b6f2a320e6c1efc3a09,59900,1701828025
0xed1ebf69ba6199a229c1845e28e10dc09f8f50d9,59885,1702325341
0x2c1a91f45c0decdbf8c2b84abdb0a349237f7f41,59846,1703988010
0x6814ddec3863c3300c97b8f752ba3faefbac5285,59755,1703292419
0x50120c5fafae7fcd8bd20fa03af058873ea28425,59722,1703995231
0xe522839455a1c640721223af9385a28f1489b96a,59526,1701510466
0xc867aed43b9f3981660886955e5aa0874b0c472b,59378,1703655486
0xf6511ed068459cab3225fb900437fdfae446e53a,59276,1703976365
0x11d2d1351f56baee93b458665e531267850c5b1f,59262,1703874879
0x172ab54a9d1140130f5cedd67b46193dc9009aeb,59235,1702510825
0x5dccf231413722cebfffd5c550ea841287b95d90,59232,1704098820
0x6ea3d72549454439f7d6ed396f1b8e79f2543561,59197,1703401036
0x44a12f1064beac8b97d973667037a8bb92f16f78,58952,1704061385
0x20fcf76f6b5a42d0c710563cceb95c349bb38278,58764,1703910398
0xddd522ef5655fed2b931b7416a15a5a363b2261d,58686,1703810774
0x4f38e26c9996f0314a4d79c4a2874446e719b43a,58656,1703864458
0x7f743125ded03b9dc28699c570757a34595190f9,58523,1703490787
0x65eafdfa643a786ee41099e5c5e134b7c6ec63a9,58491,1703708880
0x0257d6b8ec75563c9604a1e7fd7e33c3be53bbec,58466,1703501599
0xd32f22bf11356c12b813b41122914d5ab8b706cc,58413,1704182072
0xeadbba5c9afeb8922180a4efb2b9285df187fb9b,58406,1703941982
0x74c42b531c4e21033a9f98b85e1de7cfc60b761e,58246,1703472071
0xe467d6c2f9a5dd2816cc675d7700bd78ab5b6b1a,58122,1703896561
0xe5c91f67af87a0e20267b290e32eadab60cb044c,58112,1702537680
0x97bccfa87c9ad74442dac96ada79de9b1399dafe,58098,1703856122
0x36e6b16f3c641a903e02fa5d002077ff7d2e09ec,58060,1703552109
0x44dfd25009c1b5b9bdfe3749b98bbcab6df19f1c,57954,1703957121
0x8b801406aa5fcb72dbca8d67de360f0bcf0f755b,57878,1703901854
0xc5095ea231c9ef0b3536c3a3c13d5641f2f57b1b,57848,1703696005
0x87bc99ea1d68cfd83dfb5e2c1ac8046ce43c6b30,57832,1704000765
0xc4e8600d5e8b478caf4443955369b48d72d00719,57802,1704035170
0x015589d9f0bf74c5408f28c950738a210c093698,57779,1703960468
0xa33cfdefae7aaec4327dfb8e270d56e0fbd4cdf2,57769,1703765403
0xe948943e0cdf484c053f909c419ca328c1d373e9,57755,1698566738
0x6396c19a44ccfa30c861807e1b8e98a7ab2b8dc2,57729,1704155940
0x1f417f20375bd5610bd91bdef059c71fd38185c1,57686,1703921019
0x6220a921f7a456e678799b84405cf012e6381820,57660,1704059836
0x95a91a4a20a4522edc7bd90efe20287e365b3637,57644,1704103450
0xdd20935c0a51fafc045d1b1a8818fc61ece89df9,57498,1703978266
0xf454690f55bcddc5d8a29268d60bc158c49da5bc,57420,1703700063
0x10b7c7995a4a310c1a5b6560dbd56f8a2ed01ea6,57333,1704183149
0x0f206fdf20ab365d1a24c05f5f2f1efcd0b9aa71,57279,1703713529
0xc5667fd8669fa78733a55432d34ab0f47ab23fe5,57247,1695890677
0xd7a497194fc58cee9ae09834095ff4aece737472,57208,1702198600
0xdad8e63045b0b55fe351e6b3c6652d995c59fd29,57181,1703963615
0xfb6281a0c951abd94994b8c67a026b46eca191f5,57114,1703452598
0x91c962a93bf0e520e89f4c6d1f8de95ceedca748,56921,1703539536
0xad0de058d323adf1f5ec92ae3df89ba8fbc066ab,56894,1703936971
0x8d70dfe64e137c202e993e5471eaaee25f41ffe4,56787,1703386106
0xc28cbdb253f12174f7aa80ff6c6660f2e09397d7,56756,1703909986
0xaa3037771832558e28780a899bf9cbc13766a9c3,56543,1703290207
0xd63b5e22846955862522b3a4f6ed83fa6c982acb,56510,1704156380
0xe10fd2a98505e27f1a320465c0fbb31f142aa706,56400,1704179240
0x16cac4488ea52c294dedbdcdb6906fa73a088380,56350,1703939491
0x2d8ac30948fd9c431737e9aa2d10831615f8cfad,56345,1702879220
0xb85a3d2aaade00ea87bf758f11bd4ba9e1dd9b2a,56323,1704051493
0xd891a66487bc6c530c82cc8c38afa468b13866e2,56320,1703867091
0xfb4b65083453254c3d91fcfcd98772f7ba310b4f,56209,1704154278
0x347a5b2f83484ff8983a8e7d5932575037da5e6e,56015,1703297071
0xa6bb588d526cb5c8c0b4d00679df0f88efeabaca,55961,1701421943
0xa4b3aa53d5d50fcfb39bf1c34bc3aa5ede241274,55910,1704078741
0xfdcee144031728379b8165c502d3eb12dac4b206,55842,1703644076
0x1dbe65c1078ef62ef4c5d1d0d2ffe32b59e1079b,55807,1703872880
0xbec3596c30a7fe9cf480dda2312c4c6bb55e37b0,55713,1703811376
0xeb3551a15169e024420f534a448795b3a2515765,55678,1703983738
0x3f54c944ac2c388bf5f72592465a502dd126f6b8,55660,1704036503
0x0496b829a3ede37a92aa2b9b101549ed23018cb8,55619,1704010002
0xaa4b560b041f432e77193d9fb97880c883e78af0,55552,1704040216
0x6f2c09034ef9faa8a4b1223181df218c7f5d76cf,55544,1703858218
0x2c66467afe153987ff882c4edc2020a0c041cc0d,55530,1703826130
0x039ac775da10f6fe035a903a9d3652e110e9243b,55479,1701804148
0xeda0d52c3ba255d2d60d3feadbfa925de331e3b6,55222,1700311346
0xc095e28960f2e4078176b3191a65f59944070cfa,55151,1704052486
0x920d9340180b2482aa74828365d48c93b4539198,54964,1702199379
0x00262fa3b21847775e2db42965d0192e8dfe5bdc,54958,1704031816
0x5c9dbee3d3afa2740f5fa7966a1d5bbbf66394a7,54939,1703698692
0x410b3a8dbfbc3ed9e94e9aab57af5e3e85c750b5,54903,1703276250
0x1a8b3576dbb37054b202227f168fa3a10079fa5f,54835,1703842057
0x9c68fbcc6a82bb710b0ebfadd76a4c81ad6765c9,54790,1702515166
0xb0f5a5fa11a914f131f9d602bf52a232e1015431,54608,1703282519
0xe8aacdea4f2d7658e711de611bad8e3b5d6b2c7b,54601,1703840030
0xe088145274cda0e36ab21cd62e2c05b97d5831af,54575,1704144298
0x7edd74b05caacd2c9658739abdd3230f39846248,54541,1703939249
0xcd55eb112507e09bec70736959f99391f54955b6,54472,1704151158
0x4d83a707c36c3b9c3f73e38e99e2d6f7940d0729,54446,1703925729
0x81869cf94beea3021b94269ad41ed0b69fedae2f,54439,1703949715
0x2f88347b18233677087626e559a5a69ac8a0ef58,54367,1703820616
0xe2464122a2d71df4324151c8f7572ef23f5dd0ab,54302,1704186418
0x880517c4e61f634eb26e59e702726e2cbae53959,54252,1703904791
0x41625efc8faf9a45b7e2573215897be5a4753c51,54167,1703964664
0x48eb702c946f836bbcbbb19285e352e88b30e9c4,54044,1703640342
0xc425ff34632d4bc81fff0d9e4900fd4bb856f9c7,53984,1704179616
0xa54843f79634c44f482003f687a03abf39cd3a40,53982,1704015574
0x1dea6bb245534df6adf9cc7b5b7d6fabbfeb2f6f,53905,1702581453
0xbd7009b053817efb770308dd9f3608d834bab1c1,53904,1702519722
0x068b2d763fa2b7bf7df1bbe747ce65665450be98,53849,1703972176
0xead5f60a7bc9d14f1f4d4ec8f333a14b438a29b4,53816,1703570545
0xb605084fdba5953534cc693d24f44dab10c64412,53736,1701604717
0x30a345492deac68dfe3ba037f15c3397cc3ff606,53682,1702071117
0x51a53117845631a7d7f3be1380c2ad8b1bf0b804,53657,1703897678
0xf14ae1fb4b5888dd0fad0a2263ffcb14527e1d3f,53584,1703736115
0xaa4e0c93fb97f2512be69d454096ce385e25daf3,53573,1704192201
0x66ceb5467b5d562e2f31ca830cc4ac7113a79e84,53474,1703513915
0xe988c951e78b284f9105c35c001b8ff0fd39bcc7,53445,1703514879
0xed50d9894bd4379c934f7d19a60eedbc41af792f,53367,1703578278
0x561da1441fb1d41f2482ad62714756a505889c83,53344,1703455730
0x184f014cee545032c6b97c4906e6a611047c3395,53326,1704121555
0x96afc90cf5f7352fce41024eb6e11076ee445acc,53310,1703930098
0x6b7b931603056cb8aed7477068c071591a5ee3e9,53148,1703527271
0x2db898c7146a79658284d3c1f378b0bd4de02348,53083,1704173453
0x817f2211eafd4e6915d4b90985f8c7a8a37cc146,52999,1703585235
0xd5b51c1ff877400a867386cf0fe543d76d9a1089,52933,1704151305
0x286ef64d01b015ec5eb8b5da32cb1ebd235806fd,52930,1702076364
0xa46311de7e9eea8e4e35889ca481a22acf5b5aae,52923,1703963113
0x3cfe8deb14a2504f0bf3ae1d9d2ea80b1036e2f3,52709,1701559167
0xd17b7a8ad603975dc110716e9dfd67f7a4516e60,52597,1701594153
0x52c7911879f783d590af45bda0c0ef2b8536706f,52525,1703691767
0x9a8e6091512b7e88ed9e6bb620800f96598b7a07,52425,1704086710
0x11229f1b76e0b0a36aa08911872979e7571de3a2,52404,1704099710
0x28ca0c217ac6d44a8173ae02b870e2bd7149a7e7,52326,1703969519
0xb4cd266c33046567f63c1821799c2be2f4b2c554,52323,1701569585
0x4bbd884ec5e7aa4a77600429b3afd91a5146899d,52246,1704191247
0x8088d2991e3fb2854ee5851d41cafc358a72a054,52238,1704098927
0x153878e6d9c2eaf0db66336b6bc0d378b87789da,52195,1703815725
0x56e27223cf51c84ec760411a25d99e031f71e871,52162,1703520976
0xd6e251c23cbf52dbd472f079147873e655d8096f,52155,1702035715
0x0fc6f0d2891ab6826ce662b4c61b5842538070dd,52062,1704146362
0xb4fe06ec45cc3c2dfac0ad50bc5edc5d75bb9f3c,52022,1703646603
0x347a7c61d655e72cb3230b6b964c52f070d887ef,51969,1704155350
0xefae1cf982443f078d8f5d95b8e6ef931a20b559,51931,1704066926
0xa603c44b52f4a949b0227ced70887f6e7f57ac46,51795,1703847525
0x948a17f90b82d2e8184fce11f406bcd446772746,51763,1703414404
0x5b3f6ba7212a0fb20ae4459e9ffae3b9caa95e91,51629,1704122865
0x797faa1b52ccc2706f55dd09edd1974ba857cd86,51560,1702857149
0x8ff77caca3c5421b69f655c0b54c66c57c04dee0,51499,1704196641
0xa1f214ac84f415a7f70cde1c339f376952f3f787,51241,1704123289
0xa22177fffa5c896a402f52a47facc43b98e96eb7,51234,1703512331
0xa8ccfe0c54be603d32019f3a9fe41091b260971f,51210,1703473978
0x962410e3a5e34b5b53ade59b698cf492515c1ee3,51148,1702050108
0x6a341efbef4e656e62c4164324aeb6ebfb6f1502,51093,1703711702
0xac3e030103fa273e36f2cd7ece1f316961be6fe5,50928,1703933088
0x6052ba813476bc1a645b8aefd506802aaf80fff5,50841,1703235108
0x1200d1cdce4cf718b0ed069ae230020af3ad84c5,50704,1704185796
0x4bfe6fa35149db081520aea5e503946572718756,50664,1704171070
0x16c9903f99897fa292f3273513da8cf6525d0b06,50626,1703634148
0xe35925525370d52c9c58f0b4ef1fc33adada42bc,50598,1703407367
0x9f4cf7ea4bae2fce7ad3c1fc8fa17e901e3cc732,50567,1704138633
0xbaa6d8360bbf3a58dd7c26664bf3c3e50d151b08,50559,1703805695
0x898b902ae7afe9765d4bf4d88c53252665ca9969,50433,1704145077
0xe71fca31a6bebe3238d1597b5945afddbc30d7ee,50388,1704176651
0xf078c8be34dcdea4fc9bb316a3b63d54fd849d6a,50147,1704004617
0xe0eca84e4f4aa62a6ae26cfddbd8e6ee9aa583a0,50134,1703666421
0xb861dba00f3213878d23606b20e3871f34c12020,50126,1704000567
0x74403034b79c5a0ad26726c04e5babff417accc3,50090,1702098187
0x12f475db2ca180f94d381b17ff3581b5fd56c8cf,50019,1703973816
0x79462b1b18bbc3b0ad1d9f9e5bab27d80483ff99,50002,1704023142
0x03e609c4ecf57258585cc2c2e6c2d490b5f76486,49968,1703066724
0x28b4fd95f749cea7ac41fe7fdd5cecb91bc62358,49965,1703919012
0xcede3b632686dbcb69185495d82de49d554e67d0,49914,1703918622
0x74a8927bbb9f4ca8c0a3feede1b4b890a10342ee,49814,1702008425
0x06dcc57a3ff30e30b0dff5d48a2ebbe4f2d1fd9b,49769,1703787064
0x0922551b82d68b41c8f1e99582480cc5acb28ce0,49743,1703905489
0xae279cb05be4e71b64af9867522bb0d824593e5d,49623,1702525709
0xcfdcb5db0991969dcfdc57ba8b9d4fe67a115fb2,49604,1702824853
0x63090ea6afb98c9473a6d91cb66cfbf31afefb1f,49450,1704180982
0x91ee0c3b3f87d070e260f6208c52534d36817dae,49219,1704003771
0xd970cbd2b947d4254a5db4c918943fe72189a502,49078,1703051873
0x7a8ee352be59203fb99e874c83a6c70b23a22557,49046,1702530621
0x113844f9fdd2eb60e8083dec243c1d9522c8af9a,48843,1704067949
0xff209e4a1ce114ec3e245cf48fa19eeaff9cec31,48836,1704141793
0xc64eecead620b2d76dc638e077cc6ea63564837a,48750,1704149118
0x4fce99d458b0f6a7398cf9c1de852b57f237b391,48720,1703938139
0x4c92f7540ffc408cf01547032ddc3d66b6971c92,48717,1703779452
0x167b2d2f20773475177df905bcabb55d00548803,48626,1704047987
0x1f4edfb4b10cea6e2ffcad07ccf135b7ae8dc824,48515,1704035633
0x6c07eb5281eb58b6266436678b7497a9d986b46c,48476,1704094941
0x85325abae53326a0850a742bbd664db8ae29d3b9,48453,1703789116
0x09f657e02de9e335eddc809cc2a7b4a4ed8454b8,48358,1703889820
0x65e018cb96069e2fd18c29d2050e14cba4b2b06d,48353,1703941905
0x3bd221ff4c54bb0e4feda3217197acdb70f7514d,48352,1703929773
0x27726c0ecfeb4982d6150ced6fe2e76446e1c1f8,48260,1703709315
0x36a73170e993196c9d11cf3370a4203d9ced5596,48210,1702158225
0x2427fcdc1033586ba672780fea1d662e75681dcb,48191,1704027020
0x6ef8f3e9a84c314613f07c945c36b21aaf5d31c1,48163,1704031474
0xd6fc559bedfab086e68a2637ac3f56287c3dcdcc,48129,1704052300
0x93efefc25fcaf31d7695f28018d7a11ece55457f,48124,1703577873
0x905f09e3ec31de935ddd8561ef15f276f6abf002,48040,1704008239
0xe4c68520d78b29150c4daeab415c1190c50c9bb2,47995,1704184805
0x93a0136bfafddade6b47cdd6d0f629346d2c2882,47894,1702190407
0x1fa2e5508e01fa9c567f9762e8eba4d7848642d5,47856,1703766808
0xfecac86c26e9050f8863e828c4d55f88978c3218,47833,1703674382
0x8e9128d3ba0b152db5aee7fd38754354902d8651,47674,1704042195
0x2b0f5dc3f68a95b86f5bbb428f57d3175689c0f0,47646,1703324243
0xfe17058fec943ce187bc5b49ea6fe5e24b632e5e,47249,1703423531
0x67067f50a3184d8ba391724c234f0d92d4b47aeb,47244,1704098407
0xfa45921781154db0fcb8468b20a368e48cc8bf4f,47229,1703533578
0xf9414614d09fadc93f4a9fd8196c767b200b1702,47173,1702767960
0x32a87a3250b355a604e161ae040eda5ec86b41ec,47160,1704098879
0xec6d746b6e10d5a78997ecbfe7612eda26adc04b,47138,1703272283
0x05a410a3b94fd42a8505c6a3f8ef871efe8d1f38,47110,1703953795
0x7aa588d3849b9d182dbe78f93fe3a324f2b09771,47077,1703574533
0x7e742fc3d31e2da1faef17ae6381c95889afe532,47039,1703720022
0x8dc3ba6ac5abfb17dd1ea5c9219fa276db59676a,46880,1704102983
0xfcf9a3467d3d93688fb17b4ebb6b681b1fa29f94,46850,1703309000
0xb5aa3be519af4066affb2b09146764f35185a75b,46846,1703632641
0x078a440a8081b3267f14dbe15dceb028c13c83c9,46808,1703799604
0x52f81c35946a6611121050f0c011aeea6fc8a1e6,46801,1704016824
0x2e92f273cc113e8044901d07dcf41044861553bf,46760,1702546868
0x88b8bd8bfa1f2ba63f7c9c3613596b98eee4cfbe,46714,1703988548
0x932f4f173bd5ab6c893b89463ee84455b0235021,46531,1704187724
0xb2c0119eea2cbe76b869535065bd2e60882d07a8,46504,1703962785
0xb71a4df291ea8e9996a74e77ab63f5abcbfe90f5,46480,1704074066
0x2318e5acd5fa536467c46d2d9124ee45e305e7ec,46463,1702729793
0x19d9550000882e899548c4878a683b7be35e2609,46392,1703478541
0xdc8b9daa7a8f4fc54e642e35b2e677b859592c9a,46340,1704110024
0x688bb80239e52f8088094e4402387068ffff9836,46295,1703577144
0xe69d7f167cab48bfda9d87cd6e5dd7d75b7bf5ce,46274,1703741915
0x98cf46ad000046c94367f312ee24c8297c60e1d4,46265,1704148897
0x0777bd72cd7022f19c613ecd4e91b90e6011ae9c,46155,1700978251
0x873b018df74633a9c5cd57af9e745c1e709630f8,46097,1703853683
0xcdcace0693e828baa1857ee5b127419bb5e7fc56,46072,1704099201
0x4281c296369fe85620450f5933b9fcc33287bfab,45910,1702743787
0xb66b0ca73fe4f58fbc2485b46474688d9913753e,45841,1703286381
0x1de02529c5c5df6dfb7674ef8773117c2dff7cd4,45605,1704110304
0xcc45da3fe17aca6662b9ae9699183f8132ac619e,45525,1704039792
0x5e2f09c59790e038a55381318be76d8bafbb5cf3,45470,1702981999
0x882e66becb699db65a45f80613995658b2f73150,45469,1704159972
0x1c37ad84d9303b51daf98eb9fbbda489c40d309e,45391,1704096198
0x18ac43c108c55f7203d6cf545142c747e91b1e2b,45379,1703762882
0xfd20983b9a76f4d9e972208a3cc9ffbccb6e9786,45341,1702462986
0x0e824022fa959a7cceade68fa56990ea9c974761,45334,1704000439
0x6b8822ad2722e84e3d1c6119de02de9e2a725358,45331,1703963041
0xcdaed10bc3f1876cd7c5531ba45b23c149bed347,45310,1703995965
0x5c8021555372072c06d7502bc771869b52b20f32,45267,1703424030
0x108d9a86517bdcbf84dcafcfa958d5213961c40e,45208,1704160668
0xee6e1f1dcdee441d29f0ded1a7ea8d395c6e21d4,45181,1704109864
0x9fe4670d79e9210348fd39603c0dc04213b1cbdd,45180,1704200382
0x6a2bf648152624d26347916ce96a8ff472ef4b56,45164,1703594184
0x9c0ec9b0ab49150c959985fc426c6923169cf45d,45076,1703681492
0xcf57acdbdf7da4eaa3f2b322d62e493cfcda1caf,45012,1704055626
0x0bdc9e8dd3cf34b207a2f547f45a23e5808d84fb,45000,1703840308
0x2c3cfb5537f82b3baf41b0869f20b66f47d57c23,44850,1704180493
0x38e13b6754473060b68a6c7e8bf5a63f4457c4df,44803,1703908010
0x2b1855903a4ecb9bc5e86e570b86990d03cb1101,44799,1703589649
0x0ce96e253ce21998420a9e9797a4b6acce9c5ad0,44783,1703531493
0xa608f7958061ae8498d73aa0d8f6f5e8f51135ae,44703,1704152894
0x3f7c2d17d7127e452c261e7b532138cac1eb03f3,44655,1702552680
0x36610d6083e60d1f8ea9650803ad6fb88533672d,44508,1702534669
0xef084caadd39c416ce0447a492d35a0b51f7a35e,44450,1703403376
0xfe27ba54503b6b3d265ecd53912916afa3316786,44417,1702687062
0xd78dd09a57b641997c2f1e3ab3712fdea9ad4858,44295,1703979876
0x1cbae106f89f3cd4d4ba3d4d92cf2caedeb1dbac,44126,1704171098
0x73b99dd8ebc9aef2541068b31333e79a413ed079,44089,1701484694
0x79a4fdc85b16aa0a602c6ba9737204c7549c40f7,44036,1704171982
0x802f839bfee32aacc5174cbcd8033a8ef259be64,43893,1704116973
0x8ed9b6d415fa1327948935eb61ac908d52dadfe3,43868,1704169697
0xfda2b6ba8035837024610a5d601305a4772e193b,43746,1703992546
0xfa019d21493b08d377bc5ae3e2a44f5af0b3e2b3,43723,1703924243
0x21e1b7e0a2dae8d5126049ddfddced3d2d8941f6,43677,1702530510
0xec2fae9e5c72794f080a7355e053d1fc8ea0e6b1,43673,1702099459
0xac7e43a84c5071cb45a343356a4302fe6de0108b,43592,1704015097
0x913bb81a957aec7d0e46c8dfc46f87cdde2e7b59,43574,1703854244
0x521555c6d355ef9d5baaf2f93da53ce306920ec8,43398,1702564992
0x3062bb340d09613209c92c051de077c782a32d21,43061,1703903124
0x5c46b264ca2c7a9c96bcbcd72fd6b130464cc3d2,42977,1703731688
0x905c58bd08384496022948bde9d2a31a2cafb958,42965,1704023300
0x3e03c4e2b71316c1cbb0729959b54dd039c38187,42941,1703216181
0x63fdba900f030424b4b6e4751471596bb82c5c86,42921,1704054296
0x2c4fbce6eb44fb7847bd9784c63213eee683a8c8,42763,1703678827
0xefd944a8b19989fc05e41a3be3a5125c55f2486b,42692,1703963749
0x5ed6dee88c12488a9b37eb81b82612f21b264eff,42645,1704069973
0xf9756c5986e78e8c38e06749825c4850dcb662eb,42566,1704087856
0x5b0962b9323c1eced90dd8b257459e168cd58a39,42443,1703159968
0xf2bcc837fd71bf4c2be42963e6fa5928911eb9c1,42270,1704055113
0xec035cae157887f78b7334510f602ede908e345b,42182,1703382904
0x138eb80f64a0fb4d1e54f706ec799079aa2669cd,42082,1704098021
0x94ed0de7f781533e80fc25a29c1b613eaf01ac62,42064,1703201653
0x1792c010c2ae33ec5fdc3b909c3b73c0a021032d,41962,1702496408
0xf54bbc643ab9f5d23a995afb9aa0d1f523b5d3dd,41926,1704060007
0x4f3070a2a31388c4897667752bbfac56d6426bb0,41823,1703140024
0x137dd2dbee265a2ccd415f203bce1f68820af83a,41748,1704135907
0xf4ef3a7124f8bbcec7b67a3f227253e99290e6dd,41607,1703800710
0xe0b340171486b08f0c1f4ac607ed776478cefd2b,41510,1702886958
0x0ad8484a353ad7e38bb893f8d331d5adbe1b71e5,41489,1704070896
0xffa670245089044b1e355508a7843692a25a5e52,41486,1702698044
0xb64d5244310bc31b0b17bbacba340bcd47456e14,41452,1703969366
0xdc34fc40d08fa8e1f7d0922a5d3a1baa890f7069,41399,1703283703
0x86b61ffe9ce4da504e6b7cf3f0925c1941265074,41251,1704180901
0xd139ad944b14d015cc91df97b6231b6b236b4d33,41169,1703932152
0x9fdcb44555755c529b8f9bddd6a32ab857b38bc9,41153,1702193527
0x8b826e2a06643f1e356a599aed7f7eb7eaecedf4,41133,1703354710
0xc6eaf02209644f3eb4bca3233ddb889670f7e4f7,41109,1704066680
0x18ca211b4cc7a9d06b45a0bda9dee282aca47f06,41074,1704116282
0xb1bb81988eadfbf636bad1a8bb39890a0f318f53,40981,1703946898
0x18380f956569572a193a53e066c9e3d6211c2d38,40845,1703803230
0x5b3c5463ae5bf4fd8338260e11e1f54423747434,40805,1704030706
0x6ea0e02fb6ee893dc3b70b98df1a48165d28eb09,40780,1703963972
0x773860b5f1b88be209467e78ddd8859fd5e80b66,40605,1701248547
0xbd6260f5715f2dcd4cd45e50d513f50ece2108bd,40316,1703938345
0x4298b9e3e4b03692cdca44c4131f8a976bab6844,40246,1702754932
0x88ac17949b9d5b0fcec979ad9423b9631f215ce0,40103,1704033800
0xd651f242d9df253e53183acada0523ee55063d7f,40063,1702197754
0x002bcd751410a69b3bce463890abb2fcab81a755,40062,1703510383
0x26bb06e423366b56da535932a9541e183597b21a,40005,1704199733
0x290a2c307ede6a392103eafe706dc0d1570ce5b1,39961,1703674754
0x4ddeeeb10a9aaae3e6023776586de6382653ac59,39845,1704138633
0xa111969b0aa946eb61a3aaef86489875b9620777,39774,1703934836
0x49042ae512db9ef9692e8a65977356d02fb8fbdd,39770,1704151819
0xa182118703eca1c8a55b242298bda53985f1fb07,39650,1704180830
0xe032a262530bd624ab222bfaaabc6aa15efe1176,39544,1703973032
0xb618894715ba7fa4901ccc99fcf097b0c391536d,39416,1703817270
0x657fbadb17171ab2c1ad73234baa006235126f98,39403,1704188354
0xf43549f7f704c22ac00b2201f9dad1493290a535,39318,1703066846
0x8ebeb2a953f23073f4babf3a92db7c17ba9821bc,39311,1704196418
0xdb3564910c72d28b7a403fd922a8dbdabe17f1cb,39271,1702321614
0x03ebaf3f967767ea31c49025fd6928619ec43afd,39258,1704144646
0xeec01642c80b12be700338dcf6d74e83b95e5516,39000,1704151893
0xf0f750520b88615baf1afa3d914d75f6e530bf20,38999,1703718847
0xcd19a8ffd47a6358b4eaa3ba2dfd223f6c3e91aa,38883,1704172395
0xbb0b92025eddb26c67e5f23512a856d6c0c26231,38841,1703853736
0x2a3fab88aa247b222f23a804d3f4b1437bb6cda7,38771,1703584224
0x864883e03cb56916232e1771cd6e61a1e9a4f9c2,38403,1703903672
0x0e7af9cd50f3db30d7d58fd6fba5e53af590b615,38342,1704117166
0xddcebe29f4cc7155a2ffdc3b593a04c411760cb0,38336,1704058961
0xda6f58d5369d83a6d4307e43b822d1b01cda0a82,38255,1704076261
0x5c05ee9cad8fd091f1ceb5c6fa2a52794abee9c1,38246,1704153121
0xa48fdd235aa00ac52bb74f929cf8cf8bf0407df2,38240,1700296994
0x99f3892015fadddceeda935399979f8f86393d99,38221,1703983624
0x245680379283e6c8d6b8e0bce5aef605d7092e7f,38170,1704108327
0x901059fcd87816eafb17a388f083ec0a32d2258c,38036,1699387971
0xae78d0205239afc14f30e731c0d0afe0b42ca042,38002,1703756019
0xdad6c712fb69b8567240f88db440a929808bcc58,37851,1704080601
0x11f40ae67f6b648e8b4bbc2d1a04c665214f7d25,37840,1702764956
0x5a2f612d6ae32fedf11f48a7895e4dcd78937941,37768,1700532154
0xc9bab34028dc48763fa1ea144e8f51dbda1ccf51,37718,1704188259
0x070c876fcd511a682f9340b7206c5c6a720e320e,37693,1703669526
0xe7dd1b23a2b84c4bd73221e4d324509fed2c7137,37654,1701716088
0x6bb10ea56f57488625e375165d8df04daae24cd8,37588,1703796030
0x4acd2007d073318d59859adb6c204eec8ada10d8,37536,1702442665
0xabe13221982d3220a2b61e555e100ebd2edba4e2,37525,1703750632
0xdd2a6104563d84dbf28c974c2532c62a2ab0b6ea,37438,1703952070
0xbcbcacf1f2e151263e3890da058f6fa2b7b881d9,37358,1704067277
0xa0a19623fa75eae2eae5d45eb115574d6aee9390,37321,1703631804
0x47989ac5c0879ef6ca9f0278735453e53708a949,37197,1704009751
0x941d8fe955554da8fb7d8b41cff739bb824dce0f,37043,1702567039
0xf5f02c84df4ba6af17e52a535496037d338d3bd3,37024,1703706307
0x0867ba58aa70157fb13717ce376f3234a5b84c4e,37018,1703951443
0x3e71b7af0ce89138ac7539a195c6395fff58bb83,37004,1703829583
0xccf9d76cad446e4141cd7881b2da7caec870faca,36980,1703849306
0x160ea7e00bd49c9ae93e0f74213be958d87841fb,36978,1700965912
0x22d1777a6b6ca61ea486ff869eb4989d7cfd420a,36893,1704185268
0x7372b561d02b46fcc97d7e3a4fad37648db22a32,36818,1702976229
0xd43b85ff0d62328c0785adce1190565fb654e447,36794,1702188408
0xbaea3ed4a1a9cd58ccce5e0f52c68c852deb5c68,36785,1704089376
0xd6cb9fd0d3ae186999f8c6f11ddda3a6654f0136,36748,1703745531
0xd9ee63d5fc24891ae67bd98466bc147e330f8587,36696,1703679445
0x9b9f0a3de7288d0701245e702ffc843fdd03790e,36590,1703486669
0xa779f99587241b39021a7c1508405607e751c95f,36495,1703643328
0xc5aa1d59a3c188c08a1d0d1972c49fef1997e3cd,36423,1703189996
0x6fa3b4dcf43fc9068c293b4b0aa2d75ad6d3c038,36392,1703649994
0x0bb5f4506edcac974f36c67b6bbcce40d4662741,36252,1703434443
0x26574dcd0db966e4b88999f601486fe0d0379137,36172,1703007096
0x686a8b430367c292a7da11cea19341750a3ca571,36127,1703119498
0xd96f61963ba7d0307dd83162f0756dff47cb436c,36114,1704174442
0x4d3f505c7ab18bd2f9d41288b17a648f9f1d0f23,36070,1703098610
0xe442daff205539b9d01ec135cc46c4e353b54cf2,36035,1704172598
0x0c3d664e0278147460b1473376d615be29300f08,35835,1701162455
0x1b35c736b6cb16cd92fbf1f6c906cdb2cb548261,35830,1703953023
0xe814bb6dfe2f7a412cc6ec56882cf976a3fe2a82,35673,1703177364
0xbb42bf0e506e316ebb4333c14c28b97054e60d87,35631,1704190203
0xe4dda16590c1b05a186a0c0055914c056f037a05,35585,1703479239
0xbaa4224a73405f75187044191c713b9ede6d3f8c,35577,1702771148
0xfafb6c7bcac939fccb380f622e3d2630d5b02ca8,35571,1704141774
0xef361793cd6573a2ea89fb9913efb850fa5430f0,35452,1704153263
0xf077ccfc53e6fe41894fcf19d624c75edb114b0f,35448,1703487353
0x21849cc69d61e5f5e650ed15d6564c3f827142c3,35418,1703948907
0x029d4cf76f7612557025056f294ad7971318852a,35392,1703107464
0x55f58111180d5b856ffd7688ac1a83c7901edeb8,35382,1703973919
0x5e0e1fc2f0e68aca40392203f0a56f8475c73e47,35360,1702981956
0x0fc76698704866d5053923fb7bde02a56bd62531,35339,1702891069
0x81bd0a46c9cc4dc5b410abb4de1f3d5fd83c4269,35284,1703000540
0xe7dbb85044bdab554029ad4c7326f8771dc53cb1,35270,1703887408
0x072a3b227e59b77917388f7d8ac44276c1fff32b,35209,1704000724
0xaaf2483f28bf10330253f83f9e016e1b900ad78b,35174,1702545111
0x6f978be565d6d01f74c819eec715a8a4d026b679,35170,1704123201
0x1e9373af5f508c95b8910a70c5bbe5db25be5f83,35146,1702659860
0x8e4ac7b757d4d65821a4cd56405544b6aa82de94,35025,1702544362
0x81b86feda8f0eac2e88a71e30c62d179877dbd4d,34987,1704137191
0xd4355d160c0ffcf2a0eadfb6c8032a65abb28481,34886,1703607972
0x2b2fa77928066e722ab488eb396ab21bfb116cbb,34868,1701970157
0x8eaf8acdd34012b2025b41c4aebc97d6f210bfc4,34840,1704116760
0x824564e9348b61d8906646df593bf81e347a9a98,34767,1704083302
0x47cf24d6cc396f2377ab8cc1e91a0358b7b4f9b5,34557,1703878048
0x9508352b847b315becc6441ebf344f9bc19e2ae7,34511,1702235947
0xe1c284570f0d58e511ce8af4956cdb55ad27455c,34455,1703010302
0xf95da977c26b073fbc143abc23d6e8c25e1e6b92,34453,1703532753
0xd8e1513d1a0a4e3cc8c528b050d92879f4a9900c,34378,1703400169
0x40ae276ca968c3d5461178fad0ff52f00ef148d8,34339,1704055175
0xcb4da8b5cb522d14cbba667218c5562827c4b771,34332,1704108730
0x96f1cb7cb61b1f19f7c839f7280a0acae8f391b2,34322,1704171007
0xbca3904950d9c5b24dfb8f65cf9c0f9dc32f4044,34259,1703051609
0x231dd8e2959e878a59a26ebdbf6f7d122403f350,34207,1703951949
0xe4067bd8aa9a84a166fa2982755b50ac99f0ed38,33995,1703252221
0x7776d8743f8ce6ea69a48a0e26810d53508144f4,33987,1702474631
0xcd6c7bd7ed48fe825845ff6ca3a8e9ae599dbc15,33965,1703969531
0x503a83a4233e05cbd8d5a3ba1e5e2bf1cbec34d6,33946,1704069636
0x4bd5c53982cf7cfa4ae61e8a47f591df33469b3e,33703,1704117960
0xd37c6b8b5c6d362ee4ba439ddca3056f880cdd3e,33559,1704066242
0x03e096c4505b97a068a538d4ff117292c7f5a147,33478,1703725025
0xf180daa7933401b3968d63c46f57b781f19a6829,33419,1704119982
0x1517c1a7280765e45b3b2f5df0db1476a0b4d167,33395,1703867750
0x1f1d8ed2ce1b2cb9718a9a5a0fbb31d6bd92130a,33390,1704093078
0x43ffc8b14dfe8416e64ad6a594893863e05d69bd,33362,1703791106
0xf6746143540275200ee57c4b2aeee4757498aacc,33171,1703994298
0x88d991c7b82b38c3946dd5254002c7509e62c89b,33163,1704196681
0xe0985c197011d1a8a9c495c5bd64442d16db5f36,33152,1704071811
0x955858c5e0691e793694fdfcf09a1c898d8b3d72,33145,1703814054
0xbc5b7170946b3c50c5cc2ca79fe505e29f4ffe44,33106,1703951415
0xbff88e2348397b1cc45c391e39500857d958e096,33014,1704131139
0x16586a25f66d9f6d7f8ab27b1e4286f84f69c97c,32903,1704124232
0x8f26bad9d836a92ce8b5c491afedbf7bae25f6be,32889,1703353093
0x02a9c1ecdc6dca8a15d3035c3422cdbd1b8c6237,32888,1703350679
0x06b7ab84b65c20ef760cf7a52903a9c903f61cab,32791,1703904372
0x1b89b779e80271c41b1f68ae3faa420f7ca678ae,32735,1704111168
0x45f0ae86aea244f771bf3ed5e4d3fab868a396bf,32725,1703687611
0x6dba1e7e4b028ae707ef8cd599ccc7ef81971cac,32706,1703037963
0xd96624f6c625ddb94bd6b4a380091e209376e477,32677,1703924593
0xb9b49ff25bbd5da9151435cb1df85f0b20821b42,32667,1703547428
0x00e146b83342807fb6d5ada66b9559de1fcb7635,32403,1704193336
0x595689898d5ac82e9ede49563fb87f3ebe263666,32311,1703945496
0xfdd663e22a7a66c707d6001c93ecf435926b7fa1,32191,1703774907
0x05c05692bbb67de9650b72f8ed332d605a2a3062,32164,1703988147
0xa23d57c75e56c484333aa20ce4d2ad29f50d651e,32065,1704063436
0x8404e719afe4ea4f44685159786a1dc2a0ae4cb8,32019,1703974681
0xbf3e3ac02821904c4b43c2f28a5453727b1c2297,31980,1703901764
0x39f82e1c09bc6d7baccc1e79e5621ff812f50572,31953,1703946203
0x327e678f2948de6540db98a7aa44d56f3e81c007,31947,1698388378
0x5228fdaad4a4db8eef769aa65059383a2d915068,31943,1703731887
0xe830a21f1a26a7b0ab477f4b7a11602e582ed721,31883,1698144473
0x0f00f63e28dc0e131d2df0859a6e700a79430a72,31770,1704072519
0x930dc6cad87358b5b8bf59957e8c6705c8bbb36f,31740,1703678466
0x006964d8bad07317bd17d20e084b94b7d9245db6,31679,1704171822
0x43df04a143610c5b02716898b66ac46be672fe72,31598,1703623012
0xb0309f24f0d5070cd91bba26a523e28b997bb0d2,31571,1703927987
0x83cecfa54e9aeac4d9c36e0d970ca320652472fd,31546,1704136433
0x113c20e755125ffc2ac31c61b9fe10368df82789,31522,1703879693
0xb369fc07c513e166a43b07400c92541eafe4f71b,31482,1704165071
0xb0b2f6fc707fbb7f9d27a9f4fe0cb0d6b39a0155,31430,1703874653
0x9d877157c1c811cc5b7593c43719ac825f6c1d88,31323,1703532364
0x0b0c26058a105fe3029eb462e00486dca7bcb14a,31287,1702917168
0xd913a203361cd6cb953daacc157de07ea0ac5017,31249,1703771256
0x96202663bba41414cb6d43dddb50663d8c392537,31205,1703734731
0xf02ed9cf5112f1bd14c05de5a155cfb9d606782f,31146,1703685709
0xcb23fd7053db6b998bab216286dedef9796f7d2a,31063,1701887447
0xb6c9d1ec8e6e479bc7139ec810424964216a286f,31030,1703004339
0x807ced5d4335a8a674a0232740e7275f537ae62b,30968,1704002576
0x5f8699033d6c8f12890a2c8abdd308f7e2d47e3b,30902,1704185087
0x779d3785a9907ba019161da9296c894dc6e7a30d,30879,1704133343
0xb4a544bf963dc0a2cd5ac86c93667847f40206b7,30758,1703352815
0xfff61889339b01858cc0b3034ecc59aa7f47db25,30648,1704118291
0x033185b6b9aed2ac13e1bd21642d348d0c965248,30507,1697770227
0x7e8ce794dd25cd524d8c440cc0a741c68a6c4cba,30483,1703763183
0x233a6d15859e0be9d61e78ddb232e638c8152aa5,30479,1703920817
0xa98da176ad0a49c8115211686641f1a6c2530830,30477,1703419048
0x91dc9ddbd30b0262117401fe06a4e906f0810d33,30460,1703929211
0x6d4f7db757a1bd6bb43029ee13c037651ca20c74,30393,1704116984
0xbb2446b93f24e61c733aeb8cff1c82400e412974,30386,1703967479
0xa250b4750a941063736b7e4dcc0ad0a5bdb61be9,30363,1704073399
0xee82733c372ca97759163883ecfe85abfb63cb68,30358,1703856248
0xe6ff6b5d6e43d2392f184b21bedf32adfd306659,30328,1704135469
0xb9c16f73132ef6a9d6f790db5031ace40b0d7a24,30306,1704179586
0xc923cb712dd0721a0260d0495cb355b78e60750b,30238,1702155285
0xa9d4d4723a3325b9ee96d35efc09836fad956ac5,30182,1704135230
0xc028752d06eb95cdd6a708346ba0849e2495fc3d,30072,1703946389
0xcf813acb4b8d913e34854fc7d551f14615aaf35d,30068,1703777491
0x5b3c49dc48b4c9d92f2a7ecb088d424ef5e86337,30058,1703748150
0x2d5b3808bf7706d3fe9b7b42488347b33ce165c8,29843,1703924160
0x0ff5fa23bcf0013eacf84dee5627c6033896dcdd,29836,1703739542
0xa58871acb8e7d95bf26fb4828889a5bc04b8827b,29825,1703722072
0x2bd88084252b1f063e8198ac38ed374720951c6a,29724,1702681874
0x841342e50c508ec4ffdef9b5208719c1dbed7968,29693,1704054330
0xe0e56a2db04ea53331dc77010b28bc94280c37e5,29674,1703170678
0x56b33aed824151c5e59db2d383277027fc144a02,29628,1703359502
0xbf8070e49fd144048c3c13fa0cb14d136252c0c9,29608,1703866672
0xbc9bc0162fe1ef6624c4f9ea0139576e7407a99d,29604,1704133446
0xd05604e457f644c48bfdeb075752437906cdf0d3,29601,1704190967
0x277b36ba56a9b705d63de9d7da8b44bf0fe43a65,29534,1704171259
0xda3dccb40a564049c60f5a6a8ebbfc63b24db614,29295,1703918190
0x53a999c9e841581328b97182d9d153e4c543f70e,29227,1704141144
0xb2e2e656aaaaa0edf8a448d9a2cb6ea1d0cb6860,29160,1702919568
0x8ca817f27899447883bbe06223d7772a0fd9e403,29136,1704185061
0x8fddcff9501aad6620a141145e5c35ae09336001,29063,1703433713
0x54e3e54faa046178784181d42d47bcf08a476876,28720,1703928533
0x6f63b404cb98466ad6d41de84e6e4c6e181784a4,28647,1703871687
0x908418cf209864ca683aafd249bcb06ce183ce95,28627,1702839906
0x534497b4d8a970ea59c3b4e3b736623636f7c03d,28569,1704052975
0xf92b16c585624fa7b04aff88ca4ae0debbb01464,28206,1704025469
0x8ec5a7cd6707d19bd2bc11b515f4eaf95ae91ba0,28186,1704146391
0x66c3c8afa1e2b743474f50cbae197cea84d35d0a,28089,1704006255
0x2dd3adaffd2e552e121635a20c0e8a0e4008b198,28044,1701776777
0x7e9992a73baa85c96f03c4f48f2ce0a34c998132,27963,1703822545
0x8ac54e3f9e13850f5a122a37d99e2158e1d6e36d,27908,1702630720
0x9d32d0bf2c00f41ce7ca01b66e174cc4dcb0c1da,27862,1704150987
0x9376911f6cb8db100cf7a9bba658921cab8229fa,27776,1701004608
0xa1154e580cec142f95096507d91a8ca0f85ab5f3,27655,1704094217
0x96e7fe4d4592f014ebaa97909d06802b4c1bcc21,27463,1704037525
0x4d21a101a856354db6d3bd5ce56730cc26565e35,27432,1701702292
0x62df92f5b693043eb241c9bedb1b8ee1d1c218d4,27422,1704142410
0xc650a36cc875e1672ae1c8191f27b6b9d8929100,27391,1703398247
0xc43066a053d242d6ac7ce697769d94a62fad1d1f,27388,1702161697
0x8ab85fd67bd0303b956758c1d1cb21a237915aa7,27338,1703198875
0x2aaacc0aea1c222a20df0b2ec63addef59f16d56,27311,1704086768
0x07a50c037ec6530cd13c0d494fb7dedefbf1e687,27232,1704126992
0x3f02a06ee182fcef65b1e4dc6c8495c73da11bb2,27222,1703971946
0x2dc1965fba2652763ca26c22931497539c4dd6cc,27175,1703736375
0x91f9800a9869e0b83a63f73f08700ecffabdf427,27163,1703889390
0x066d579091ce669f3f1911b7e5b1531f9dcd5777,27036,1702893289
0x5d82446fc02f35361ed34a0edf756d3fe180772e,26775,1703987624
0x44b258cec1f745def492ff7c422ea930d26f52c7,26770,1704040258
0xe9369dd248e1c97c9c93ab93d18ce2f153fef19b,26707,1704046522
0x3648f18c7f11b9a825dace72fcac5f275755bc18,26603,1703640962
0xe8b9616f0b144f32cb6b8c64050b5d7be944b226,26595,1701117391
0x8cc00387692b83d2a1f67e1647ebee4e42e6f094,26592,1702616756
0x02f1f6230a6978e2b12b2df8224324adcdeed1e0,26582,1703257005
0xb83f4e6ce7a29b4467d1ba9b9be009d3d6a67779,26581,1703917688
0x6a9271790aeca7f6514f93149e8c831429c899af,26453,1704190006
0xf401a86f5328ad20367b9676544e77b5f4912622,26434,1703201086
0x3bf680566aae3798fe0b10c1f0ff284005af83c5,26384,1701783064
0xe3722cc112163922f2752cb3c69503f36984b616,26373,1704070538
0xf1c0bf7e6410bfba5f576e55a57ef62e0c2e8a1e,26296,1704001614
0x3b75389434568344536f3327cc27c684f86a936d,26286,1704069860
0x897c07cac7f9149d0be00903c55d810f6e42c9cc,26084,1704159382
0x32426fc2964548bc62a15bd06219b6f56df70c8d,26068,1703467498
0x09802f792bfbbf1f8515808f0fa68344c5625dbc,26055,1703956988
0x17aa2ef2f21fd194cc27a264a41c0fe629c381f1,26019,1703900695
0x0fd40817091612a919e4393fd4cdb25b6112e31b,25898,1703009114
0x43e9bdd0a2d22e953d4795a2ae0bdc9fa489b482,25865,1703869978
0x24312b837be84c7d1a01350302014372ee6f7a49,25752,1702869965
0xca22475c4e661dd31340a9d6a7ec669f694ff981,25725,1704075658
0x7fdd1c0ca5c9fa336adada7efebad12a5f067704,25616,1704168185
0x9aae2a9d1f85990c818365c1df71ea305ad0cef0,25577,1703878008
0xcd911350d6fe15e85145d6e03f2573e19b1bc9bb,25516,1703909747
0x1be86b54194e0185d797b09286f363ee03648af3,25511,1703074669
0xbb12ba94beac38af7e60841ccce50bccf58156fb,25467,1703787347
0x6d202f9af6322687ceec2a073109e7c686a82696,25409,1703132790
0x07c1b12b36b27ad5f7560223eaa56198d156cd4b,25311,1703453360
0xa53f837829388f4678f9963aae7fa1a4334e1690,25253,1704017951
0x8502040594fb7ec65c6e7d8c93b39664c49ad866,25187,1704180440
0xac443984e996452e795b4c96883b81893d78fc44,25130,1704163179
0x1a916b38b7e6fc67743b93739236f6fada1e9835,25118,1704156546
0x6dfa997313561f76f4ea1c1108839dc5daf44f24,24902,1703474769
0x72bf0dfb18e52ecff950c16610aa8f48b66ae942,24885,1703296989
0x5773c83bf1d67736a72a2d2b2d088ec37aacda77,24797,1704196857
0x7b058ae1e9b70e6ceea6e5e955ec911fd78c2b50,24771,1703442981
0x450961bd132ac583481d46c9f47ee5518b90f1fa,24703,1704031761
0xae05d1fb01ef3f48dda274217b59ee8b45c0918e,24687,1704188294
0xe97ac3b49a92a25846e21a6d28da97ab9867b97b,24629,1703542522
0x4ee64b1d1704498a40940040f28c6109d5b9c1ce,24517,1704067312
0x07ae54d2cca63499e1b18bd44ef724cd2b1504cc,24504,1704146206
0x48a80829f592a65a9efd76dbdb13a5a8f79eade6,24475,1701978880
0x594f45114e108d0cf2bedae368fba91ca799da54,24442,1703629961
0x4192c7c7a4e9f8b0e88c21b2552f62edce000afb,24405,1703700697
0xebfe67c52bf6fd7166d10befdd6102dbf660afbb,24403,1703766931
0x95f5fa5180479a6e9878a65772b8810eb7923972,24189,1702155004
0x507f3b8d26934ef397b4fe3a6a8910186e93005a,24130,1704126821
0x48a01986b2d20dc02ae4e7fc2d97941d17ee0248,24071,1704002123
0xb52a1c71ffa5252b865e3e7e885f0d74b4984d60,23884,1703917427
0x691649f8bff990271b207da5b09c7e6e3c9a20b4,23847,1704144886
0xc1c425042188c182c720f0853279cadf5e75ca87,23788,1704026685
0xba786f8ea9c1474ee19f8b9792fce16bf25ed6ee,23438,1703314448
0xb8f622392d62bf1b4cc825591ed7fafdf8409216,23392,1703998299
0x34c4b40b4d2de865b2845b4583d2b5835b9ad195,23342,1703814081
0x22ec2a12b55d397dc77681cc5de4a45c08e7a140,23260,1702930442
0x8fc6113f672cc56ce9ab0b7f663d68250dbc3e08,23253,1704086116
0xfc04d6b9f1f90cd8e4ad527db0bd5df6f1c78516,23228,1703098626
0xf91ce0ac3be65fdb81de88069b9931b69a6ef6e1,23219,1703797993
0xfd6cad1a3970e8c763e252877e8863f19c0fd954,23206,1703999031
0x5e4e42896f728d26e082a809e01c5f446f573309,23157,1702248009
0x06a24547ccb310dacd8bc526b398f5cbf98388ac,23140,1704050893
0x5e68ef092229517f434cc4bcac6d50ab7992cf31,23098,1704007452
0x89b0869d0c38af44f7ceb985866ebfa0b33e3c45,23032,1703300718
0x7b0afbbab9b674040dfa791579b6cbdb931c37b4,23024,1703309540
0xaaec637c900bb196a381fce271e6cfdb2692e4dd,22973,1704167143
0x0ccb1961d949730ad110f82ebf7e1a564d9cb2d6,22930,1703499677
0xe15542a7961a50c6e38ffdb848e52dbdfedd249d,22929,1703018963
0x80dbc2b0537d0b95d33a9b1113b956ed0b07ea77,22870,1703931859
0x1eebe7e77f5a8fb67fcb71baff38ec24bfd92f61,22791,1703805026
0x843edcd028b934def2fe178caf7f32756f4beff2,22734,1703108282
0xdfcf8b5b073a499a0954b104d4eff01bce8c54ce,22621,1703821587
0xb507932588c5ecc8cc77491f8495ffec932004f8,22490,1703915481
0xe3a6cd88ac64f4244e9a8f96e33734721b3c6459,22280,1703638568
0x2d2e9bc176773d49eea98d6983fb4931d1d87707,22230,1704132507
0x57b810dcfebcdd6b93cdad457767b87989f40db1,22075,1703096655
0xb7285449d4d724457efcb17bb0aab764dad2015e,22008,1703972500
0xe333e33e170523fee2404976b1d8a59172ad3a52,21967,1704083591
0x6c86f82976bb8f21e7a4808fbb015b9daf8af51d,21910,1704191424
0x2218d4d12de8f2c05150e12547bc6901f81a1c3d,21834,1703739428
0x29a259eef1838e78ad50c54440303e76c80dc888,21731,1703581541
0x3920654b65bf243baacb2961c72bec566d178d65,21632,1703222000
0xbbd27de41c75703fbc5b4ad84aa813903bb2e80f,21456,1704125711
0x4dfee17dae2eb2791086837ff8a02070fa201828,21179,1703938011
0x82c9fd1002493e122184aba0c9e8de36efb1645e,21089,1703967854
0x89e89b0e32580022ef96320ef7b98eb5f3e49c28,21040,1704198489
0xda9e7e0931d79edcb666d3b0e7b12f8bad18201c,20890,1704095046
0x7cadcf96eec22cc067063b96ab4f6cb996d391ec,20790,1703401459
0xcd0224a312066348b21dde642b4a88a0be8af3bb,20784,1702829488
0x315d5aee59cd8b2501e121cb1cb82cd6eb811862,20768,1704089134
0x3b97678102e04c3e6a3b63d960a48230e0d979e6,20576,1704080848
0x17ce653ef5e9290033e6b20f48a018ff677bcf16,20536,1704019868
0xda5ed044b1a19ce35aa3bea3aae77c7c455ba83e,20441,1704039496
0x94c8462edd20b1e2b3d44bd63c2e3c05acd73671,20416,1704086637
0x98d04db467e7d2186281b90084ace88d84ac2871,20227,1704169515
0x2b3e14b66e29fa44d7b8c50b76d43df75291ac7e,20178,1704162595
0x060c27236526dbdfd401ae7efe6a556633e2f9b8,20144,1703993952
0x27e1b1ea8116feee71947c2de2d0ac741d5ce77b,19960,1704006843
0x4f493d085b68be27a864d311be4fbffff4984186,19790,1703796464
0x1c76fa896c7c0467649729a4d629b1fb7fade75c,19681,1704200332
0xd3c35800c4a468cef54d6581c8faf111f5d5ebfc,19548,1703759057
0x51e8fbe24f124e0e30a614e14401b9bbfed5384c,19546,1703946775
0x02af9102a2b6e8fc4dbfc65e7d9280f732374fb3,19486,1704109205
0xddbe1291b454f9b8699220f1e8724aa641ef4b42,19481,1702977471
0x6c5b6a1de1f83da0587febd1851343ec51aaf376,19470,1703012133
0xb3c74645de3f82702af040988bba449c622217ec,19303,1703596369
0x4ec8c2540b780f878fee401d267c1cc784ee374c,19295,1704047464
0xa61219986994faa88f77140820ed84e4dd936ea9,19244,1701236785
0xa5f85c8077d48809e9f9bed7363dc9e8d77049d5,19217,1703826627
0xe3a75298a17d6e04d2bd819f9ead13bbc87b110b,19075,1704174015
0x198ac7b6c06cf9282f00872e7bb85070db8c722b,19046,1703888171
0x3cb73b01ec49a74c2b14a079c1f3fac4608235ad,19000,1703988151
0x5ae90e54815798b7f1056cc01a38978d40a71d95,18942,1704149412
0x816c6b3b530184e078d3c89dc74e53c749cc0acc,18905,1704154293
0x3a4a096e18d69bdc5cfd2505c45b019f34b323eb,18841,1704081792
0x9b86eb00c1a79e1147f556b5d64f2650f20eeec7,18810,1702512196
0x8ac3b7bd531b3a833032f07d4e47c7af6ea7bace,18792,1704160278
0x00070ac7479dedee29d468ff8f07afa40564ae4a,18763,1704162276
0x1bb2709ec3e970c36b6fcda1eba92a7734440f74,18727,1704065124
0xa90b541bd2dfef162b82073318ace3fcc57340d9,18660,1704101278
0x2fc98100f327a4e3512c974e108e5fc67fb75a24,18572,1703654641
0x11740264e31fed3fb732890389a683275081b2d8,18401,1704009450
0xee360f0cb9cc40ca232fa730ba06820a615db735,18379,1703190912
0xe4b00049b7ec6858cf1c01ccbf058c94ad00cfeb,18308,1700995128
0x559b92a49a06bac3e9e2891e6970db6e572ef3cd,18296,1704141157
0xc599e8d98e018d78155ca11da5ab8612e2378c69,18286,1703734653
0x086339449d673e74e79553e92be7bab5dacf53cb,18191,1703739485
0xd51a0bcc88d3b635cdd4a90e52fcfa56c2e1f0ca,18135,1703455437
0x2aea4036804b9dabfff3273ab296d6f519f85f7b,18133,1704099945
0xe1b826d77ccdf1db9eec289e38cc32688c858e1d,18027,1703588915
0xd65c0dfd43979d91be1df7951da4da72899380d2,17914,1704016811
0xf5508594b7072b405c6278a083cf3ab2cfc67670,17817,1703987426
0x0cf5993973e860bb267f2bd92583f94e02359fff,17505,1704063717
0x2e01b8b42c6fc8ddb212b72c7bb5aaf9d52e86b0,17417,1703612007
0xc9e1d79c25a3f5ae3c2d03f0982a3465d1e19a3f,17100,1703650321
0x1fcf9316dba4287bf2ca73eb08f9ae00e12d0f56,17083,1703911550
0xc78a13e93a188c445584e724a855aeb94f972dd5,16278,1704084164
0x3eb68b3538b68085f25e2b0f3b8f1d2061399b50,16168,1704142784
0x69324cebff42101d8e43a3f7b0aebeac04b4e50d,15990,1704019371
0xcf741923dc066c7d712376efcecd1ff01545a71f,15948,1703476166
0x364b5e310709b4424f3248e11df3c79f8a60a3c7,15897,1703876806
0x66d06530ce901084a095f67cf486b07845d51213,15877,1701631732
0x7c3bdcc2028dc292d9eaf81535a8e97886a42fd8,15733,1699334980
0x7edf38e871e45f5ba43353447099e31d327188e2,15648,1703025137
0xdd084a05770e5a85134701d2819de79429fb1304,15625,1700502159
0x210c08c78f972146f48bb5a28481b8173d915141,15618,1702797746
0xae9fa442b1462d0fabae6a87e531cba5021f6bfa,15617,1704147054
0x8512eac332a2305f0b93e8217e056bea1a0ed617,15490,1703889557
0x617b83371b4c65debb6c2e90de89c827ddcb0884,15358,1704180501
0x6581e36d96fae9eec6e9b94802ffab6e3f017462,15306,1704119626
0xd150f32ce25b4279fa5e0ee0d6ec3c87efb040dd,15293,1703853889
0x1c97c1271760b2619b6b29b289fc53a44dcb5b12,15274,1703950936
0x05a7cd104fe0738b211533c225e721ad0ea08cae,15270,1703997470
0x3bf693e243818239910d10ddea5d88ff88e2d5af,15245,1703762192
0xc0c4c218d63aa86784ecafda70260c26c9ef79bb,15104,1704179352
0x2e0925b922fed01f6a85d213ae2718f54b8ca305,15101,1703119855
0x18f30774bc05fbb462c3830be33a95891c585416,15047,1704055415
0x9befe192a14c6d05e31ee6fa7522795b2b9b7123,15042,1704145798
0x1552be5ca4b1c3b9e1a1886f9b939928b4b052f2,15013,1704112238
0x9e93530df033899e6334d6941e67a24f7ba6c5ea,14970,1704130490
0xeb57df95b6822a78c2be987e14df39eb23221134,14929,1703941408
0xdaa3b612ec43889174efd50ccd29f090c52e4623,14907,1702723535
0x577754308538f4be10a41afb4f8900cd24d7098f,14896,1703945207
0xf0d6bebfc2d985fe3f46d2d9c04819ffb9e6d605,14831,1703255064
0xe7b918d92034330bbee26b0c606a9cc8f856bf3d,14787,1702663128
0xa7f15b0840190340b5a1eb2d8b633b16519af083,14762,1703959333
0x3c4c449cd74575e883fe65643f31d3b5df89a2ab,14719,1703607046
0x91d16803b06008f2316d18fd581460b9ca993394,14690,1703466361
0x1853e897aee177f9924487a176cf546f8431385c,14601,1704196454
0x9de9fc6bb19bf6cc1f68f6c9bc3cf55d0e175b84,14566,1703723445
0xd92a3fafc71c2c3cde19665c9f46ec67638e33a1,14545,1704152744
0x7dab43a81b67a6a6f300c7e9de48ddfbb4f9805b,14506,1704170864
0xfa52a08f1208b956ad90641f50df03c773e0ac1f,14494,1703703150
0xca36b5b4d2116e36c06b015c91a428485a47861b,14470,1703960764
0x581541b72312595312d1cdd78ceaa40968f2cd35,14382,1700503817
0x90e905e014c09ecd2ba13cb0011dd34b3bd91c78,14285,1702845120
0xf7ced5864bb1ecac8f73fed187dbb215b35127fe,14260,1704064709
0x39be05077e6ea7aa5a7dca189094b03bdf823493,14249,1700341377
0x53fcea89ec52b8ef8e5f32402e5adf91f30ddf09,14068,1701986396
0x24c717f26339d7bf2bf633c3b8eb1cf1e75e2f1e,14007,1703971141
0xdb6dc94768288ac588b0327155490f9b6f71c585,13980,1703881416
0x07f56404924fdf1b307a6e1f9e22b06ae5532fbc,13781,1703761997
0xbefb76a75db163fc3a3db1eaf2bf291e07d3f868,13777,1703312779
0xc0587f10c4247ded0b37c08b6bfbe4107afe2a9d,13666,1704146448
0xb7f0592b292adbc77cb6d14e7dc6eee2206ce4a0,13590,1704002133
0x1d132c165feddfa72ab5fca8b7dfa522efb53a56,13438,1702867269
0x6d2eeab1c90aaf2537c11d1a05a93fdf029607d2,13436,1704016378
0xd04cfec37879b6d912708f4f40999f438b12e739,13321,1689730063
0xb6ebb8a35948ad86052e78da2a2ee2d8197f919b,13129,1704055039
0x0401381a6d6751e0e21633b32217d58ae90980d4,12985,1702491217
0x95d69a07d609a3d9535eaa7eb7918cacefcff2e8,12967,1702867370
0x8da4fc8aefcaafb448d3cc811de195f91785d90e,12958,1703742371
0x5e539dac6637b38aaf015861ec2da850f1ae8377,12892,1703696510
0xe1f00d8ea230e1390b3ba2a7cccb1a2fd6a12f8d,12766,1703979700
0x8683d88885ac750c898e09e4085759535e1b71ca,12761,1702802389
0x9d76c41733f280594369698d6e3e725b0272ad9e,12643,1703448065
0x00f47be991d8e476be53b937a627a0a938355f98,12623,1704188183
0x7bb7a3934a45a87497deb509d07cc093b30c8bc4,12611,1704029910
0x3c8325c283966ff2ce639683cfe514abc887d040,12547,1704146321
0x1c4a5a2d1841771e3bc3a2af3bdd88d3558ca8ed,12537,1703683433
0xfcf091f18fc338c235c0607cb472784b01ce3170,12536,1704059891
0x84fd9c13413c28933ce2b04b368886c690e9aa16,12482,1703702012
0x79c40a2f24b14341b8eca580df4702b5748343fc,12455,1704098889
0x50639eff82fe8b951d8e428f4162af542794c38b,12434,1704165208
0x2d10d963762880fd3909714cef40aa8139f8bfdd,12379,1704155820
0x86efca58ed0ee25e7d39d38d931bd8c033cf35fc,12249,1701609415
0xf77a5e00c00b0344e3a207a25b071c8175ead929,12205,1704012060
0x62a08fb25dd44f8c7e6150fd79773793d311f43a,12139,1703587533
0xc8dda68e33d50c9f86f75c2f34299d87ea63b4a3,12025,1702529748
0x3f245b9e76a8849894c5f081562dbb927bb1face,12007,1703363982
0x606f05a1561d08e29f4a943e6b2c48469172c12a,11882,1703922755
0xe55ae2851881b5a0a265ac25d88b34a80acdd7de,11871,1704056384
0x860a896fc246d9737dfb63a86acbb7c102afdeb8,11831,1703807016
0x5083c374e9a525b915fef2dc780aa1cceed98d2d,11808,1703940278
0xf324227b74dab9874dab06fdc8656e7420e7d1ab,11786,1703991901
0x2fb2b0735d34fd26457dee938089a2c6424d50f1,11664,1701673083
0x02234b52147ea57ff46e6ccc9f162720150acfa7,11646,1703991637
0x7fa20ab7e568dd8c257d3616d9ab24370fa89466,11630,1703902136
0x3ad530ed0f019b018aae1dfb75a5ce8a11ddf799,11564,1704157775
0xa57439331a5241592136bad60307b1a2bfa533a6,11557,1703923818
0xe336c9ab16da2e1ab475db093874e85dfdc93dea,11474,1702428206
0x209a08b9bc74dafa621732c304249d8452a20a87,11278,1704032049
0x794d36a3b1eaa49b97ea4e3b52aca37977e916c6,11269,1703619718
0x4976201c394fa2b954bc71953b4d2482054874e3,11217,1703872083
0x61beb24799b2955d1faa1a1bb1b6383b88158226,11204,1703936921
0x5efd06e7c1afa2175612c1022c0856b069dff939,11139,1703921721
0x3694121d06a6f006b7ad72a2dd18eda68e45ac2d,11129,1703866917
0xeeb8129c4ab32ae2e10aca78c3e43951ccfe06a3,11102,1703784954
0x1d315040f1b18ac96a2919b057043099cd275f79,11101,1704183673
0x871e8ad6bc61de866753edbeab5bd6f0dd7fd49f,11035,1702091096
0x8a77018f8f3d6b6a0119c47245323a3007c7fcce,11022,1704039111
0x35dbe8b614e4479ef928b2c6cc4aa66b3a181b1d,11018,1704157859
0xc4f5d6d031cba61e837c43c5d5f9f27005017bfd,10800,1704142898
0x5297edd262e7084608cbbcb8d666c86b4740ce6c,10423,1703821455
0x6d2e90fd012b35d3555266ad4e4866c9080a067c,10343,1703326524
0x18e38cd521df6e19e2a15ee08eba6407e921c6d0,10307,1702891494
0xb00cb4635987b6c1cc415d8912480bd8f350e1c9,10123,1704079149
0x38a75a8624bff4732f2298a515d3b606d090a0cb,10099,1702336128
0x55154505528b6138f4255d8dc7a4c64e4e895d2c,9974,1703065645
0x86a320a07a6b887ebc46aecf8cc87e99321f9a18,9958,1703695113
0xdce371e2762ac4250469f709c5b766e754e2c9a2,9877,1703461358
0xaf96674fdbfce2cb81485f179caaf83c05aa3c4c,9731,1703921139
0xefc844da1fbc4b10b9db59ea365236140cf71ec4,9715,1703957947
0xc3b34de3e302dc5c357c9647b1bd223eea847ff5,9623,1703489821
0x2c934cd327d06eca3c8232ae66a818e1d9daf0c9,9581,1703920865
0xd48babc9318a5bdecbe9551c0b491093ef792078,9419,1703902684
0xb31a4e713b5dd3f0362bb1372ce93bc6586efbe9,9329,1704025785
0x9cdb219746b0dc7cfbba17ad6070c8a643adc4eb,9315,1704074772
0x0e6465657d692d29453ebf5f46390c0062194540,9249,1704002849
0xbc0e27ae9893a5e85565ece8bb5d44d879942925,9074,1703999791
0xb078505b8bf2f1e84f9b187323abcd4f5b8c5c04,8867,1703449922
0x9de774eb8372200789c78698e108c588d8718d28,8721,1704085232
0x657d302f6215a1e6ac402ea251013b9a30e90fc5,8647,1704161755
0x858170b93f5c5c1a33417255bb3f3ff639454ee5,8506,1704015500
0x1a5e38f7c5702a811e8f35146e19607c825d1af3,8424,1704188330
0x213545e17ebefaf9623f78e374412915423518ac,8364,1703959416
0x7dd029d3799478238fa4ee2c0f7de2d27be80b5a,8318,1702001424
0xc5f2ff2df2e759d8611325f0fdb684f1e243a1a1,8233,1704123524
0x13e3398b6af7e45f73b12f41e9d66bd1da7e805d,8204,1703605731
0x651ed6aa3fcf9726567183880190c84b52ffde19,8187,1704067860
0x64694db68cb902406d4c232f4064e49f5bf9b591,8127,1703763100
0x6840e1b08ee1b07323601cb517a7fa770209cbc9,8103,1704108860
0xf75354143b14a48a01b4c99800593350ed47a064,8074,1704191736
0xbdd14c9739b55cbb1883f8c4db70a324624b3056,8072,1704076051
0x228d70f9826d31987fa8c873d056a78ed20bbf54,7929,1702981192
0x463667453bef14157dc8fc348fcec7b01c6a71ea,7824,1703722279
0x4ec2296622eae06860693eb1f6a0d4aa4f49430c,7759,1702831031
0xf7a69b4b527b96be9955a2488efb4c3c4d0ef347,7611,1703925809
0x29d23a1aabb9b1cbe0db109da0422ee53f160075,7577,1704030331
0x7f44f420825c537eb5ec849b7e229c3df253c7f7,7423,1704094825
0x962b3e324d8cdfa07e5acc13cdf9453ffe2dc6a3,7379,1704041023
0xd4593947e9b1d5d503caf8ce90102967ac635593,7359,1703885655
0x7119230b210f7ecc004c21fcdbb44925c60d2145,7313,1703703645
0x2bee3701cad9fa1cc1d32f98103bf1723227de82,7161,1703737046
0x1a55b6ed75c3e5fc491a5f9054d7334d3b3c0e8b,7024,1704037048
0x672d13b14f941293410a5739080d71c8f9f6e0cd,6792,1704039373
0xb69b3912979ac2571f86843000a21c6c5ce84342,6768,1703368817
0x081ceadbcc5c2f293711b102652baa1cbccf4e52,6750,1703761561
0xde70709d15472c02852daf1b38175d525052982d,6686,1703543534
0x6d44f8129b2d4ea707454d8c6ab75b65a4d045c6,6622,1703395364
0x43551a7291436ea55bc2fa8cf5a593408c1c38cf,6369,1703476045
0xde890ccc53e39182396d199299715bf91e1c3b1f,6347,1703330116
0x13d92b018a9df83afae540116c72f665e89786e8,6335,1703988610
0x6d5b2cce3ffd47ffc39d45a2dc999f81d734de1a,6099,1703974680
0x62c76b2462f92f19a7de189280e4c58bf9e58740,6044,1703212182
0xb2e8073423ca63ec9cce39250a1342a5206ab87f,5956,1703975582
0xe3e25d03a3170ff005f5a0a2a2d21f8dd101eba5,5924,1703363381
0xe36a5a8aac68b9032ee53e4e7ad37708f657a14d,5835,1703876421
0x49cb94929d1004dfa21bb26ddf1b8e25e7e9d455,5767,1700952061
0x57f17747698d0052bba57ce427a764a9971d5724,5401,1704017134
0x5a73e3e33c6a710d4b8b166165604799e7529e99,5354,1698149665
0xaa9eab5bc49fd4ff7319f0c2342c296c4039ff07,5092,1703244890
0xeb1ace6be0f69e1b5bcc0127d3f0d338b5c7fc8a,4912,1704066573
0x2039d649d1cf690a7161e8cbff11c6f14e70ffa0,4886,1703753945
0xb0c78af4f633bcf7e179f09e730275af761dc851,4877,1704156980
0xac0e4d3b8ea0e5bf605cc4e6cda7b35a2ce3198b,4806,1703116452
0xaaa1517a197bdc4b9e23ebd22cbf4f82a7d65dc4,4795,1703589853
0x8011eabd635fba655eec4f0ff821f19c49886246,4705,1704117728
0x7cb57ac73f0c5a47b4501774b9ef68c26eba852c,4631,1703709063
0xc7bdf2bdc064310896794a9cd1db8eef07ffc32e,4547,1703856436
0x886a5cc2ef433d75122809e37d498243895c17b9,4501,1704097147
0xd9066ec8542ffa81f6d8ef96bf94c758445d0f11,4385,1703638686
0xefa80dd3412b8df827a9f83a87bba09cfb926e62,4218,1703987971
0x732d6de0e8069df1e3ec4c9aa05362596ba8ac0a,4127,1703961885
0x086a1cab416461d0f92e75b1713cb3b8b44377fe,4056,1701486991
0x07f5d673750440692d3e8fa711e48d890091e5f3,3944,1704133884
0xe18c5ae9360a2738e941c6790d5a436f9cd0ca43,3708,1704135693
0xc6ed1f1e2a785b1991a0c2a877d19c750a7018b3,3668,1704166835
0xb10f08393f28f97566ae467a3eb41a2425b9eb5d,3652,1703734587
0xd6ba299fdd52f09f01d9648036ca446498c01ac2,3188,1704177651
0x44155e9a18cbdb540dcff0b1aafb54cfa723ae11,2990,1704192760
0x5c6e4c0c1af75af7bd3bdbeb51980d3205cb182c,2961,1703783838
0x0a7fa2c650eedf0781f04cbd1a2ef8c6bf8b3787,2923,1703976077
0xd76b4334928aec6433db15681acc04d4d4ba27ac,2819,1703962766
0x11de5001c3c8a243c601fe56f35caf5c436b861f,2800,1704091838
0x66b871992b2d3ebf1e5b94699275469800e796ca,2632,1704014098
0x574844efb24782d211babc8f16a5ebb30ceaa51a,2554,1704125630
0x7a0c9f8f7aadc3a66eeb12474df28e78891dd0bd,2511,1703274130
0x0216eabb3496a5f88b1e399ad067fcbcc6889a48,2508,1703394264
0xe39ec067dc8caca519b0ef9d7c7218a6ad20bc36,2468,1703419660
0x1f505d791a432a125ffd6ae1efaaa9a5b4e5dbcc,2464,1704185345
0xad3b8de45d63f5cce28aef9a82cf30c397c6ceb9,2460,1704013619
0x003ebce509d14e6252dc14c35beb43d2dc52f35c,2459,1703723803
0xc338a59961876d08d5200833c2d77192a10716d0,2441,1703217679
0x166875a4412618bcb6a22da6e6c08f7aaf855837,2408,1703979901
0x44254da8674f7b629e0b90c3c9af754db2d19c3e,2348,1703981551
0xca97e8baf6195e4211292292b9dd3bceaa2e19d9,2248,1703251659
0x927f8801cf6073f5b6da2df4def5f548735e7062,2177,1703264768
0x0e671c8cde947093a5eb7560ff4775755c129568,2161,1704059070
0xadc445c80282504e4af6afeb5681fded2c3d6069,1898,1704167527
0x1ba6eae7fd8d9706e647f556e0937d40155898c7,1892,1702538053
0xdda7960a274187f8aa0ae1737a6aa9342b244f2f,1840,1703441539
0xc1ae19884e5d529872028c3ec1c9fe259d4275b2,1810,1703959849
0xc538c3796aebcca78b7e0375302297bb3d724257,1775,1703896778
0x7ebbf91301ce1f62165accdb1bbc6b4b6cca05ea,1722,1704189807
0x296a2c7ab863e0d414da20c8bb6ec1fdc09efda3,1664,1703581338
0x8ca22b169ae66648e5a4d155473ef2940fc50f10,1603,1703548842
0x99d8f6c4760a1078c3bceed9e27e397fb488e19a,1580,1704128263
0x35a48ae3bdd142d4429af869ce8ca1b19c829aac,1544,1703720199
0x550478e76305df1222e3646c2dd7897f9375e7e3,1543,1703709809
0x3880ab718c8432646136db3cc696003ee0c8ee6f,1529,1703620525
0x9c9a1e6a7124d11880475752d942b3ffa9bd1629,1465,1703876920
0x55c98683de5bef9456cc9b82a87f0d8e942c7d6e,1357,1704135515
0x37075fc63c7e487ab7f09b831952780f1fe221ef,1306,1704169192
0x4420e64747c571898084370953e1d74c786f8de5,1284,1703551534
0x4eb76e99a2d162b983db0524c381db6d2f4325b0,1273,1703932254
0xda3ee1edb0c1d856f1423b0ffeeb713cc5da8984,1224,1704149793
0x8f1cca54bcb23e6076872786b2e35caf1fc6815b,1217,1703818830
0xbdac6e49b5b53147caf71fc95f91c85fb11a778e,1204,1704182755
0x78d35032adabdb826d67f1b63caac553f3981d06,1186,1703760329
0x0af2fa6d003f675089486f5b6a35292d603ca7e7,1085,1701907626
0x862d4927565384533339137fbc0f18a71f33d291,1011,1704087721
0x87cd446adc9d04f59502281dd824caf141bdff9b,958,1703986036
0x59d5a07cbddd6ef7b27065abe275a8fb8af824ec,883,1701751852
0xab134c13386492dc8adc37cba75b567435ae09fa,882,1703980732
0x74bb407fe7c71a6e4a77f5f4059bebdd6193535c,787,1704145766
0xc923cceb5f8181e7b83b9a846a299362263db1a1,695,1703256478
0xcb6948600cd19d8ad5fa3a5b324adae12e782792,613,1703782423
0x3f4378d89f9c0443a64e0185be01dfd05f0fcdb8,566,1703500414
0x884c934c8354e382be97c095233d4e2862920c5c,550,1703538098
0xe6cf0f869bd0fe0bad3f64952f43ab142c679a1d,373,1701654029
0x35cd4fa0d85c36f978a3dbee50670574c76993f6,23,1704005614
0xba33acb0d692a98213abb8b3d5b9e52200bac119,1,1703423049
0xd03d6a433a903052df6420f3756a79b8cc7aadcd,1,1702527838
0x9acd44c84b1d4d4918f02832ebab61203dee6136,1,1704127709
0x29c8e4fc4a6e6b75c64fed03262b7baffc75895c,1,1704065410
0xb6fabd871ad294ee849a9909c46829bb787e17af,1,1703994579
0xc437f6b9d6dc254046417aa7b0aae3673cb267cd,1,1703949048
0x85e741760a4df0cd6ab9c26747932ce71fa93883,1,1702826745
0xe70b5c13e17af892844d067e82c17139e4e89ad5,1,1703473023
0x2eb06aa66934352ec5f746926ce9fcae55264a21,1,1703431847
0x35113df6868e669156e9c43a84f2cbe6ac0b0a44,1,1704082246
0xe350063f2b058064a0a9eeafb5d8b35df290bf6b,1,1704069867
0xb3a82255a9c3f30acb36bb140d132725e0815846,1,1704077059
0x9ca1dd969472ac5b19801f6d9de531c4ff830f1e,1,1702896856
0x23c5b5e918f52bba19fe14b38e6529e3bbd48400,1,1703887248
0x5d36cd2cc12e48cfd3a6b136995643a335d14cdf,1,1702796765
0x1a449fb2e65853dcf49451577cae1834b6505693,1,1704145407
0x11e01ac1b26aa29d44c9629c05ad5bea64796ef2,1,1703054086
0xd1cfa6e0a84c1866bc2348a366c41c608791e611,1,1703420393
0x51c0d24ccc5d9b0dd793052cb2d41efde2568056,1,1703657993
0xf24dd92ee52bb0de1bab87766a4a3f1c17b2c4d9,1,1703035014
0xbe9deb352c06de4d13094d3b005a2f6176e0b4f1,1,1703829890
0xc16838071bd498347aab8cc742473568eb5249fd,1,1704093446
0x346dc167fb52e26f93e8d8cb6377ee8c4c850f02,1,1701189226
0x788bbfec968f0ae81113a00229b2816d020acd7c,1,1702804148
0xa683c571aed0b085df44ebe1384339bdcb60d5b5,1,1702238359
0x6fdc047c2391615b3facd79b4588c7e9106e49f2,1,1704113553
0x4bd19ffb6b14ff30caeef5c7fc477bc11a2399ac,1,1704136506
0x0bb3d56593906e55aaa3b3f3e525b90b857fe0ce,1,1704118208
0x72001743dee9395a5ed1679fa6e791fbe9aa8bbb,1,1701671636
0x5449125c46f3e2a781b8b5f074d7ac17c5aafc29,1,1704188005
0xb5b165fee7ada0b0a2d3fd0f2ca0e5e66e70b239,1,1699814491
